COD_CIUDAD_MUNI,NombreMun,NombreDep,MunDep,longitude,latitude
86573,Leguízamo,Putumayo,Leguízamo Putumayo,-74.78343162,-0.185711824
19355,Inzá,Cauca,Inzá Cauca,-76.06517264,2.548670821
19364,Jambaló,Cauca,Jambaló Cauca,-76.32439528,2.777646648
19392,La Sierra,Cauca,La Sierra Cauca,-76.76270699,2.179091553
19397,La Vega,Cauca,La Vega Cauca,-76.77980449,2.002863448
19418,López,Cauca,López Cauca,-77.24819144,2.845804004
19450,Mercaderes,Cauca,Mercaderes Cauca,-77.16442919,1.795675611
19455,Miranda,Cauca,Miranda Cauca,-76.22960531,3.251825509
19473,Morales,Cauca,Morales Cauca,-76.62787981,2.753988891
52051,Arboleda,Nariño,Arboleda Nariño,-77.13579797,1.503151191
52079,Barbacoas,Nariño,Barbacoas Nariño,-78.13651282,1.674062065
19001,Popayán,Cauca,Popayán Cauca,-76.63011557,2.451132597
52001,Pasto,Nariño,Pasto Nariño,-77.29084473,1.200480473
41244,Elías,Huila,Elías Huila,-75.93806019,2.013330351
41298,Garzón,Huila,Garzón Huila,-75.6277871,2.19528295
41306,Gigante,Huila,Gigante Huila,-75.54653958,2.385501894
41319,Guadalupe,Huila,Guadalupe Huila,-75.75746459,2.024682679
41349,Hobo,Huila,Hobo Huila,-75.4501938,2.582313736
41357,Iquira,Huila,Iquira Huila,-75.63498554,2.649923685
41359,Isnos,Huila,Isnos Huila,-76.21569601,1.930160834
41378,La Argentina,Huila,La Argentina Huila,-75.97914652,2.198305277
41396,La Plata,Huila,La Plata Huila,-75.89105899,2.389257725
41016,Aipe,Huila,Aipe Huila,-75.23997824,3.2223203
41020,Algeciras,Huila,Algeciras Huila,-75.31564385,2.522472671
41026,Altamira,Huila,Altamira Huila,-75.78858799,2.063309953
41078,Baraya,Huila,Baraya Huila,-75.05440113,3.152561939
41132,Campoalegre,Huila,Campoalegre Huila,-75.32592035,2.684437323
41206,Colombia,Huila,Colombia Huila,-74.80266878,3.376654513
27250,El Litoral del San Juan,Chocó,El Litoral del San Juan Chocó,-77.36494139,4.258122901
76892,Yumbo,Valle del Cauca,Yumbo Valle del Cauca,-76.49840059,3.533582153
76109,Buenaventura,Valle del Cauca,Buenaventura Valle del Cauca,-77.01861312,3.870396219
52565,Providencia,Nariño,Providencia Nariño,-77.59742887,1.239096565
52573,Puerres,Nariño,Puerres Nariño,-77.50426634,0.885122221
52356,Ipiales,Nariño,Ipiales Nariño,-77.65424188,0.825744099
52585,Pupiales,Nariño,Pupiales Nariño,-77.63678465,0.870632474
52612,Ricaurte,Nariño,Ricaurte Nariño,-77.9960713,1.213145848
52621,Roberto Payán,Nariño,Roberto Payán Nariño,-78.24461962,1.696966208
52683,Sandoná,Nariño,Sandoná Nariño,-77.47164252,1.283976736
52685,San Bernardo,Nariño,San Bernardo Nariño,-77.04704377,1.514390167
52687,San Lorenzo,Nariño,San Lorenzo Nariño,-77.21535351,1.503118556
52693,San Pablo,Nariño,San Pablo Nariño,-77.01267985,1.669115452
52694,San Pedro de Cartago,Nariño,San Pedro de Cartago Nariño,-77.12003399,1.552453657
18001,Florencia,Caquetá,Florencia Caquetá,-75.59669379,1.612054318
18029,Albania,Caquetá,Albania Caquetá,-75.87861962,1.328973066
18094,Belén de Los Andaquies,Caquetá,Belén de Los Andaquies Caquetá,-75.87146839,1.420201475
18150,Cartagena del Chairá,Caquetá,Cartagena del Chairá Caquetá,-74.8445975,1.334266125
18205,Curillo,Caquetá,Curillo Caquetá,-75.92032693,1.033598126
18247,El Doncello,Caquetá,El Doncello Caquetá,-75.28280395,1.678987804
18256,El Paujil,Caquetá,El Paujil Caquetá,-75.32606788,1.570816881
18410,La Montañita,Caquetá,La Montañita Caquetá,-75.43611568,1.488259599
18460,Milán,Caquetá,Milán Caquetá,-75.50750208,1.29057686
18479,Morelia,Caquetá,Morelia Caquetá,-75.72443582,1.486763717
18592,Puerto Rico,Caquetá,Puerto Rico Caquetá,-75.15782024,1.910100985
18610,San José del Fragua,Caquetá,San José del Fragua Caquetá,-75.97362808,1.331666655
18753,San Vicente del Caguán,Caquetá,San Vicente del Caguán Caquetá,-74.77192286,2.113327292
18756,Solano,Caquetá,Solano Caquetá,-75.25332898,0.699095449
18785,Solita,Caquetá,Solita Caquetá,-75.62010903,0.872337295
18860,Valparaíso,Caquetá,Valparaíso Caquetá,-75.70598461,1.196088042
25053,Arbeláez,Cundinamarca,Arbeláez Cundinamarca,-74.4147367,4.272628349
25120,Cabrera,Cundinamarca,Cabrera Cundinamarca,-74.48429254,3.984827776
52678,Samaniego,Nariño,Samaniego Nariño,-77.59208102,1.333881628
52838,Túquerres,Nariño,Túquerres Nariño,-77.61781114,1.086611154
52885,Yacuanquer,Nariño,Yacuanquer Nariño,-77.40177315,1.115845494
63111,Buenavista,Quindio,Buenavista Quindio,-75.74033922,4.358601723
63130,Calarca,Quindio,Calarca Quindio,-75.64481697,4.52297443
50370,Uribe,Meta,Uribe Meta,-74.35199454,3.239736574
76001,Cali,Valle del Cauca,Cali Valle del Cauca,-76.5352769,3.410248055
76364,Jamundí,Valle del Cauca,Jamundí Valle del Cauca,-76.53946097,3.260308756
76233,Dagua,Valle del Cauca,Dagua Valle del Cauca,-76.68919199,3.657373773
76377,La Cumbre,Valle del Cauca,La Cumbre Valle del Cauca,-76.56811753,3.647104597
76606,Restrepo,Valle del Cauca,Restrepo Valle del Cauca,-76.52078772,3.825358642
76869,Vijes,Valle del Cauca,Vijes Valle del Cauca,-76.44193039,3.698848748
76126,Calima,Valle del Cauca,Calima Valle del Cauca,-76.48587448,3.933888509
25307,Girardot,Cundinamarca,Girardot Cundinamarca,-74.78500447,4.315227222
25612,Ricaurte,Cundinamarca,Ricaurte Cundinamarca,-74.77301626,4.282353046
76616,Riofrío,Valle del Cauca,Riofrío Valle del Cauca,-76.2883563,4.157119017
76890,Yotoco,Valle del Cauca,Yotoco Valle del Cauca,-76.38308517,3.860632017
76100,Bolívar,Valle del Cauca,Bolívar Valle del Cauca,-76.18487178,4.338629455
76828,Trujillo,Valle del Cauca,Trujillo Valle del Cauca,-76.31873669,4.212168239
76250,El Dovio,Valle del Cauca,El Dovio Valle del Cauca,-76.23726872,4.509827977
76400,La Unión,Valle del Cauca,La Unión Valle del Cauca,-76.10263445,4.534958935
76622,Roldanillo,Valle del Cauca,Roldanillo Valle del Cauca,-76.15196101,4.413435044
76863,Versalles,Valle del Cauca,Versalles Valle del Cauca,-76.1995018,4.57574888
76122,Caicedonia,Valle del Cauca,Caicedonia Valle del Cauca,-75.83080418,4.335001502
76403,La Victoria,Valle del Cauca,La Victoria Valle del Cauca,-76.0363512,4.524442904
76736,Sevilla,Valle del Cauca,Sevilla Valle del Cauca,-75.93135151,4.270592054
76895,Zarzal,Valle del Cauca,Zarzal Valle del Cauca,-76.0714431,4.390562423
76111,Buga,Valle del Cauca,Buga Valle del Cauca,-76.29283936,3.918217865
76834,Tuluá,Valle del Cauca,Tuluá Valle del Cauca,-76.20470226,4.098555326
76036,Andalucía,Valle del Cauca,Andalucía Valle del Cauca,-76.16632724,4.174835975
76113,Bugalagrande,Valle del Cauca,Bugalagrande Valle del Cauca,-76.15720256,4.208586752
76670,San Pedro,Valle del Cauca,San Pedro Valle del Cauca,-76.22918036,3.994555405
76520,Palmira,Valle del Cauca,Palmira Valle del Cauca,-76.30737278,3.544449802
76130,Candelaria,Valle del Cauca,Candelaria Valle del Cauca,-76.34767725,3.409275183
76248,El Cerrito,Valle del Cauca,El Cerrito Valle del Cauca,-76.31202989,3.684870937
76275,Florida,Valle del Cauca,Florida Valle del Cauca,-76.23392174,3.323801402
76306,Ginebra,Valle del Cauca,Ginebra Valle del Cauca,-76.26827541,3.724545373
76318,Guacarí,Valle del Cauca,Guacarí Valle del Cauca,-76.33346312,3.761920726
76563,Pradera,Valle del Cauca,Pradera Valle del Cauca,-76.24097972,3.419344829
25743,Silvania,Cundinamarca,Silvania Cundinamarca,-74.40580436,4.381539827
25290,Fusagasugá,Cundinamarca,Fusagasugá Cundinamarca,-74.36835292,4.345324475
25324,Guataquí,Cundinamarca,Guataquí Cundinamarca,-74.7903047,4.518134262
25368,Jerusalén,Cundinamarca,Jerusalén Cundinamarca,-74.69465848,4.562431622
25805,Tibacuy,Cundinamarca,Tibacuy Cundinamarca,-74.45273877,4.347745729
25815,Tocaima,Cundinamarca,Tocaima Cundinamarca,-74.63678597,4.460407202
25001,Agua de Dios,Cundinamarca,Agua de Dios Cundinamarca,-74.66953596,4.375848922
25035,Anapoima,Cundinamarca,Anapoima Cundinamarca,-74.53068069,4.56299689
25312,Granada,Cundinamarca,Granada Cundinamarca,-74.35076067,4.519640826
25483,Nariño,Cundinamarca,Nariño Cundinamarca,-74.82673728,4.39919216
25488,Nilo,Cundinamarca,Nilo Cundinamarca,-74.62024144,4.306763261
25506,Venecia,Cundinamarca,Venecia Cundinamarca,-74.47772876,4.089165708
25524,Pandi,Cundinamarca,Pandi Cundinamarca,-74.48687773,4.190772977
25535,Pasca,Cundinamarca,Pasca Cundinamarca,-74.30237947,4.308742481
25599,Apulo,Cundinamarca,Apulo Cundinamarca,-74.59380326,4.52047868
25649,San Bernardo,Cundinamarca,San Bernardo Cundinamarca,-74.4229958,4.179441736
25878,Viotá,Cundinamarca,Viotá Cundinamarca,-74.52290962,4.440485088
41001,Neiva,Huila,Neiva Huila,-75.29114114,2.932994187
73001,Ibagué,Tolima,Ibagué Tolima,-75.15149663,4.406443956
63001,Armenia,Quindio,Armenia Quindio,-75.65913146,4.54991247
52835,Tumaco,Nariño,Tumaco Nariño,-78.74146779,1.817633024
19100,Bolívar,Cauca,Bolívar Cauca,-76.96670604,1.837518012
19110,Buenos Aires,Cauca,Buenos Aires Cauca,-76.64276806,3.015133628
19130,Cajibío,Cauca,Cajibío Cauca,-76.57032221,2.622972985
19137,Caldono,Cauca,Caldono Cauca,-76.48461594,2.7974303
19142,Caloto,Cauca,Caloto Cauca,-76.40840933,3.033082524
19212,Corinto,Cauca,Corinto Cauca,-76.26003522,3.173978763
19256,El Tambo,Cauca,El Tambo Cauca,-76.81075057,2.45218376
19290,Florencia,Cauca,Florencia Cauca,-77.07270467,1.682993783
19318,Guapi,Cauca,Guapi Cauca,-77.8856127,2.570660343
19513,Padilla,Cauca,Padilla Cauca,-76.31342291,3.22352047
19517,Paez,Cauca,Paez Cauca,-75.97240907,2.645087449
19532,Patía,Cauca,Patía Cauca,-76.98231195,2.11717631
19533,Piamonte,Cauca,Piamonte Cauca,-76.27766059,1.106315221
19548,Piendamó,Cauca,Piendamó Cauca,-76.52857224,2.638417192
19573,Puerto Tejada,Cauca,Puerto Tejada Cauca,-76.41556658,3.227262108
19585,Puracé,Cauca,Puracé Cauca,-76.49686076,2.342537808
19622,Rosas,Cauca,Rosas Cauca,-76.74020827,2.262415063
19693,San Sebastián,Cauca,San Sebastián Cauca,-76.76978278,1.838630236
19698,Santander de Quilichao,Cauca,Santander de Quilichao Cauca,-76.48461147,3.011069572
19701,Santa Rosa,Cauca,Santa Rosa Cauca,-76.57377772,1.702974184
19743,Silvia,Cauca,Silvia Cauca,-76.37843993,2.611507642
19760,Sotara,Cauca,Sotara Cauca,-76.61395595,2.255215562
19780,Suárez,Cauca,Suárez Cauca,-76.69500094,2.954433455
19785,Sucre,Cauca,Sucre Cauca,-76.92525095,2.038351287
19807,Timbío,Cauca,Timbío Cauca,-76.68317865,2.350475698
19809,Timbiquí,Cauca,Timbiquí Cauca,-77.66819915,2.777236301
19821,Toribio,Cauca,Toribio Cauca,-76.2700407,2.954566538
19824,Totoró,Cauca,Totoró Cauca,-76.40279156,2.509499776
19845,Villa Rica,Cauca,Villa Rica Cauca,-76.45884622,3.173423902
41791,Tarqui,Huila,Tarqui Huila,-75.82435105,2.111387167
41797,Tesalia,Huila,Tesalia Huila,-75.72738961,2.485836919
41799,Tello,Huila,Tello Huila,-75.13899165,3.067573035
41801,Teruel,Huila,Teruel Huila,-75.56767098,2.741175567
41807,Timaná,Huila,Timaná Huila,-75.93229976,1.974228287
41872,Villavieja,Huila,Villavieja Huila,-75.21808147,3.219217123
41885,Yaguará,Huila,Yaguará Huila,-75.51824051,2.664716428
41006,Acevedo,Huila,Acevedo Huila,-75.88839357,1.805464831
41013,Agrado,Huila,Agrado Huila,-75.77165343,2.258758434
41548,Pital,Huila,Pital Huila,-75.804675,2.266877926
41551,Pitalito,Huila,Pitalito Huila,-76.04921834,1.853010381
41615,Rivera,Huila,Rivera Huila,-75.25843841,2.777899318
41660,Saladoblanco,Huila,Saladoblanco Huila,-76.04526802,1.993127133
52019,Albán,Nariño,Albán Nariño,-77.08121438,1.473900561
52022,Aldana,Nariño,Aldana Nariño,-77.70033514,0.882218625
52036,Ancuyá,Nariño,Ancuyá Nariño,-77.51456679,1.262419775
41483,Nátaga,Huila,Nátaga Huila,-75.8089956,2.545725329
41503,Oporapa,Huila,Oporapa Huila,-75.99519911,2.025490916
41518,Paicol,Huila,Paicol Huila,-75.77381966,2.449957173
41524,Palermo,Huila,Palermo Huila,-75.43416257,2.886813591
41530,Palestina,Huila,Palestina Huila,-76.13297473,1.723443516
41668,San Agustín,Huila,San Agustín Huila,-76.27007067,1.879911641
41676,Santa María,Huila,Santa María Huila,-75.58661009,2.9389875
41770,Suaza,Huila,Suaza Huila,-75.79461293,1.976866037
52110,Buesaco,Nariño,Buesaco Nariño,-77.15641849,1.38472601
52203,Colón,Nariño,Colón Nariño,-77.01970668,1.643958171
52207,Consaca,Nariño,Consaca Nariño,-77.465976,1.20721755
52210,Contadero,Nariño,Contadero Nariño,-77.54989127,0.910935671
52215,Córdoba,Nariño,Córdoba Nariño,-77.51793579,0.853486374
52224,Cuaspud,Nariño,Cuaspud Nariño,-77.72965272,0.863020184
52227,Cumbal,Nariño,Cumbal Nariño,-77.79201999,0.906233661
52233,Cumbitara,Nariño,Cumbitara Nariño,-77.57837924,1.647639493
52240,Chachagüí,Nariño,Chachagüí Nariño,-77.28521697,1.375742304
52250,El Charco,Nariño,El Charco Nariño,-78.11078128,2.478002829
52254,El Peñol,Nariño,El Peñol Nariño,-77.4397887,1.45360072
52256,El Rosario,Nariño,El Rosario Nariño,-77.33508874,1.743167441
52258,El Tablón de Gómez,Nariño,El Tablón de Gómez Nariño,-77.09730164,1.427253877
52260,El Tambo,Nariño,El Tambo Nariño,-77.39070472,1.407949861
52287,Funes,Nariño,Funes Nariño,-77.44933409,1.001090744
52317,Guachucal,Nariño,Guachucal Nariño,-77.7316254,0.960341972
52320,Guaitarilla,Nariño,Guaitarilla Nariño,-77.54983451,1.130627655
52323,Gualmatán,Nariño,Gualmatán Nariño,-77.56857183,0.919256362
52352,Iles,Nariño,Iles Nariño,-77.52135525,0.968467099
52354,Imués,Nariño,Imués Nariño,-77.49651826,1.055154635
52378,La Cruz,Nariño,La Cruz Nariño,-76.97127564,1.600581484
52381,La Florida,Nariño,La Florida Nariño,-77.40228478,1.297597199
52385,La Llanada,Nariño,La Llanada Nariño,-77.57995163,1.472891149
52390,La Tola,Nariño,La Tola Nariño,-78.19014432,2.399200239
52083,Belén,Nariño,Belén Nariño,-77.01624089,1.59560228
52399,La Unión,Nariño,La Unión Nariño,-77.13061671,1.598961296
52405,Leiva,Nariño,Leiva Nariño,-77.30300352,1.93545478
52411,Linares,Nariño,Linares Nariño,-77.52350795,1.351095828
52418,Los Andes,Nariño,Los Andes Nariño,-77.52103874,1.494173041
52427,Magüi,Nariño,Magüi Nariño,-78.18424623,1.766101492
52435,Mallama,Nariño,Mallama Nariño,-77.8646133,1.14081759
52473,Mosquera,Nariño,Mosquera Nariño,-78.45130408,2.509204973
52490,Olaya Herrera,Nariño,Olaya Herrera Nariño,-78.32672987,2.348459251
52506,Ospina,Nariño,Ospina Nariño,-77.56603016,1.058501059
52520,Francisco Pizarro,Nariño,Francisco Pizarro Nariño,-78.65815889,2.03987219
52540,Policarpa,Nariño,Policarpa Nariño,-77.45989445,1.628460248
52560,Potosí,Nariño,Potosí Nariño,-77.5724836,0.806717189
52696,Santa Bárbara,Nariño,Santa Bárbara Nariño,-77.9798522,2.450728884
52699,Santacruz,Nariño,Santacruz Nariño,-77.6772494,1.221617473
52720,Sapuyes,Nariño,Sapuyes Nariño,-77.62093636,1.037684345
52786,Taminango,Nariño,Taminango Nariño,-77.28069475,1.570084377
52788,Tangua,Nariño,Tangua Nariño,-77.39439622,1.094502616
52480,Nariño,Nariño,Nariño Nariño,-77.3581187,1.289509773
86568,Puerto Asís,Putumayo,Puerto Asís Putumayo,-76.49781268,0.50417661
63212,Córdoba,Quindio,Córdoba Quindio,-75.68744921,4.392830917
63302,Génova,Quindio,Génova Quindio,-75.79002685,4.206553134
63401,La Tebaida,Quindio,La Tebaida Quindio,-75.78706668,4.453159884
63470,Montenegro,Quindio,Montenegro Quindio,-75.75041638,4.565758526
63548,Pijao,Quindio,Pijao Quindio,-75.70318273,4.334447832
73024,Alpujarra,Tolima,Alpujarra Tolima,-74.93264376,3.39178072
73026,Alvarado,Tolima,Alvarado Tolima,-74.95417882,4.567335816
73067,Ataco,Tolima,Ataco Tolima,-75.38240686,3.591132652
73124,Cajamarca,Tolima,Cajamarca Tolima,-75.43082055,4.439497212
73148,Carmen de Apicalá,Tolima,Carmen de Apicalá Tolima,-74.71720047,4.150573808
73168,Chaparral,Tolima,Chaparral Tolima,-75.48087448,3.723983333
73200,Coello,Tolima,Coello Tolima,-74.8977117,4.285881334
19022,Almaguer,Cauca,Almaguer Cauca,-76.85487267,1.914230494
19050,Argelia,Cauca,Argelia Cauca,-77.2490143,2.255507382
19075,Balboa,Cauca,Balboa Cauca,-77.21648454,2.041352148
73217,Coyaima,Tolima,Coyaima Tolima,-75.19410502,3.798452204
73226,Cunday,Tolima,Cunday Tolima,-74.69237039,4.060242157
73236,Dolores,Tolima,Dolores Tolima,-74.89676225,3.539184743
73268,Espinal,Tolima,Espinal Tolima,-74.88448075,4.150308528
73275,Flandes,Tolima,Flandes Tolima,-74.81786143,4.277842434
73319,Guamo,Tolima,Guamo Tolima,-74.97148095,4.029950385
73352,Icononzo,Tolima,Icononzo Tolima,-74.53191245,4.17626096
73449,Melgar,Tolima,Melgar Tolima,-74.64518941,4.204011856
73483,Natagaima,Tolima,Natagaima Tolima,-75.09298529,3.624759543
73504,Ortega,Tolima,Ortega Tolima,-75.22076272,3.935029466
73547,Piedras,Tolima,Piedras Tolima,-74.87810808,4.543579976
73555,Planadas,Tolima,Planadas Tolima,-75.64382411,3.197179978
73563,Prado,Tolima,Prado Tolima,-74.92756913,3.750751129
73585,Purificación,Tolima,Purificación Tolima,-74.93083726,3.858175719
73616,Rioblanco,Tolima,Rioblanco Tolima,-75.64463325,3.530170157
73622,Roncesvalles,Tolima,Roncesvalles Tolima,-75.60611066,4.011184578
73624,Rovira,Tolima,Rovira Tolima,-75.2406649,4.239454647
73671,Saldaña,Tolima,Saldaña Tolima,-75.01733795,3.929749857
73675,San Antonio,Tolima,San Antonio Tolima,-75.47934695,3.914389148
73678,San Luis,Tolima,San Luis Tolima,-75.09526131,4.132992695
73770,Suárez,Tolima,Suárez Tolima,-74.83183366,4.047478307
73854,Valle de San Juan,Tolima,Valle de San Juan Tolima,-75.11557006,4.19746205
73873,Villarrica,Tolima,Villarrica Tolima,-74.60055125,3.937119922
86001,Mocoa,Putumayo,Mocoa Putumayo,-76.64995628,1.150325171
86219,Colón,Putumayo,Colón Putumayo,-76.97250614,1.18953054
86320,Orito,Putumayo,Orito Putumayo,-76.88057285,0.677513665
86569,Puerto Caicedo,Putumayo,Puerto Caicedo Putumayo,-76.60442607,0.684157306
86571,Puerto Guzmán,Putumayo,Puerto Guzmán Putumayo,-76.40799064,0.963488079
86749,Sibundoy,Putumayo,Sibundoy Putumayo,-76.92095562,1.203117616
86755,San Francisco,Putumayo,San Francisco Putumayo,-76.87585338,1.176698941
86757,San Miguel,Putumayo,San Miguel Putumayo,-76.93019461,0.276474836
86760,Santiago,Putumayo,Santiago Putumayo,-77.00247232,1.146531255
86865,Valle del Guamuez,Putumayo,Valle del Guamuez Putumayo,-76.90470759,0.423350327
86885,Villagarzón,Putumayo,Villagarzón Putumayo,-76.61677569,1.02990947
97001,Mitú,Vaupés,Mitú Vaupés,-70.23362305,1.254060702
97161,Caruru,Vaupés,Caruru Vaupés,-71.29583389,1.012103616
50287,Fuente de Oro,Meta,Fuente de Oro Meta,-73.61955945,3.462214362
50400,Lejanías,Meta,Lejanías Meta,-74.02472991,3.526079627
50251,El Castillo,Meta,El Castillo Meta,-73.79425702,3.563881546
50313,Granada,Meta,Granada Meta,-73.70627749,3.544874225
50680,San Carlos de Guaroa,Meta,San Carlos de Guaroa Meta,-73.24154225,3.710369274
50689,San Martín,Meta,San Martín Meta,-73.69597915,3.701613502
50270,El Dorado,Meta,El Dorado Meta,-73.83516911,3.739131544
50223,Cubarral,Meta,Cubarral Meta,-73.83848709,3.794158472
50150,Castilla la Nueva,Meta,Castilla la Nueva Meta,-73.68902144,3.82748251
50318,Guamal,Meta,Guamal Meta,-73.77083737,3.879885131
91536,Puerto Arica,Amazonas,Puerto Arica Amazonas,-71.75460172,-2.149537923
97666,Taraira,Vaupés,Taraira Vaupés,-69.63403372,-0.56467446
25740,Sibaté,Cundinamarca,Sibaté Cundinamarca,-74.25757291,4.49129757
94343,Barranco Minas,Guainía,Barranco Minas Guainía,-69.81507388,3.494365009
94883,San Felipe,Guainía,San Felipe Guainía,-67.07953782,1.898553404
94886,Cacahual,Guainía,Cacahual Guainía,-67.4125554,3.526136619
94001,Inírida,Guainía,Inírida Guainía,-67.92386589,3.867934176
25151,Caqueza,Cundinamarca,Caqueza Cundinamarca,-73.94658443,4.403667486
25178,Chipaque,Cundinamarca,Chipaque Cundinamarca,-74.04460891,4.442532263
25181,Choachí,Cundinamarca,Choachí Cundinamarca,-73.92268602,4.528358057
50350,La Macarena,Meta,La Macarena Meta,-73.78691359,2.182113956
50450,Puerto Concordia,Meta,Puerto Concordia Meta,-72.75710138,2.623799012
50325,Mapiripán,Meta,Mapiripán Meta,-72.13325166,2.892011286
50590,Puerto Rico,Meta,Puerto Rico Meta,-73.20748882,2.941654469
50711,Vistahermosa,Meta,Vistahermosa Meta,-73.75128309,3.12771952
50577,Puerto Lleras,Meta,Puerto Lleras Meta,-73.37256465,3.271892128
50683,San Juan de Arama,Meta,San Juan de Arama Meta,-73.87499562,3.37228525
50330,Mesetas,Meta,Mesetas Meta,-74.04437194,3.382246905
50006,Acacías,Meta,Acacías Meta,-73.76780937,3.990343882
50573,Puerto López,Meta,Puerto López Meta,-72.95586872,4.092860555
50001,Villavicencio,Meta,Villavicencio Meta,-73.65055075,4.111799377
50606,Restrepo,Meta,Restrepo Meta,-73.56348624,4.261174757
50226,Cumaral,Meta,Cumaral Meta,-73.48615275,4.268788883
50124,Cabuyaro,Meta,Cabuyaro Meta,-72.79275183,4.285091091
50568,Puerto Gaitán,Meta,Puerto Gaitán Meta,-72.08296467,4.312038456
50245,El Calvario,Meta,El Calvario Meta,-73.71346523,4.352173288
50686,San Juanito,Meta,San Juanito Meta,-73.67627447,4.458193807
50110,Barranca de Upía,Meta,Barranca de Upía Meta,-72.96546299,4.567446679
25754,Soacha,Cundinamarca,Soacha Cundinamarca,-74.22417846,4.56268246
25335,Guayabetal,Cundinamarca,Guayabetal Cundinamarca,-73.81704211,4.217072057
25339,Gutiérrez,Cundinamarca,Gutiérrez Cundinamarca,-74.00315011,4.255454591
25438,Medina,Cundinamarca,Medina Cundinamarca,-73.3501414,4.508022687
25279,Fomeque,Cundinamarca,Fomeque Cundinamarca,-73.89292051,4.485728461
25281,Fosca,Cundinamarca,Fosca Cundinamarca,-73.93930566,4.338738028
25530,Paratebueno,Cundinamarca,Paratebueno Cundinamarca,-73.21230213,4.375004374
25594,Quetame,Cundinamarca,Quetame Cundinamarca,-73.86294541,4.329848086
25841,Ubaque,Cundinamarca,Ubaque Cundinamarca,-73.9341846,4.483791064
25845,Une,Cundinamarca,Une Cundinamarca,-74.02519387,4.402564723
91001,Leticia,Amazonas,Leticia Amazonas,-69.94550213,-4.203203892
91540,Puerto Nariño,Amazonas,Puerto Nariño Amazonas,-70.35643753,-3.789898495
91798,Tarapacá,Amazonas,Tarapacá Amazonas,-69.74161524,-2.891357241
91263,El Encanto,Amazonas,El Encanto Amazonas,-73.20927867,-1.74708168
91530,Puerto Alegría,Amazonas,Puerto Alegría Amazonas,-74.01433125,-1.005488913
91405,La Chorrera,Amazonas,La Chorrera Amazonas,-72.78920811,-1.443690917
91407,La Pedrera,Amazonas,La Pedrera Amazonas,-69.57839951,-1.322435781
91669,Puerto Santander,Amazonas,Puerto Santander Amazonas,-72.38325603,-0.622290435
99773,Cumaribo,Vichada,Cumaribo Vichada,-69.79855397,4.444511544
95001,San José del Guaviare,Guaviare,San José del Guaviare Guaviare,-72.63827352,2.566984746
95015,Calamar,Guaviare,Calamar Guaviare,-72.6549567,1.958593541
95025,El Retorno,Guaviare,El Retorno Guaviare,-72.62797003,2.330805259
95200,Miraflores,Guaviare,Miraflores Guaviare,-71.95125353,1.336803343
5873,Vigía del Fuerte,Antioquia,Vigía del Fuerte Antioquia,-76.89637517,6.588734326
27075,Bahía Solano,Chocó,Bahía Solano Chocó,-77.40379934,6.224409281
27077,Bajo Baudó,Chocó,Bajo Baudó Chocó,-77.36601204,4.953454213
27099,Bojaya,Chocó,Bojaya Chocó,-76.89511656,6.568944429
27135,El Cantón del San Pablo,Chocó,El Cantón del San Pablo Chocó,-76.72724289,5.335328467
27160,Cértegui,Chocó,Cértegui Chocó,-76.60859157,5.371869757
27205,Condoto,Chocó,Condoto Chocó,-76.65041938,5.091332849
27361,Istmina,Chocó,Istmina Chocó,-76.686044,5.153281441
27413,Lloró,Chocó,Lloró Chocó,-76.54254846,5.499904234
27425,Medio Atrato,Chocó,Medio Atrato Chocó,-76.78118809,5.994316213
27430,Medio Baudó,Chocó,Medio Baudó Chocó,-77.05220932,5.050773304
27491,Nóvita,Chocó,Nóvita Chocó,-76.60709069,4.956037283
27495,Nuquí,Chocó,Nuquí Chocó,-77.266578,5.708557739
27580,Río Iro,Chocó,Río Iro Chocó,-76.47236056,5.185409754
27001,Quibdó,Chocó,Quibdó Chocó,-76.65069683,5.68418034
27025,Alto Baudo,Chocó,Alto Baudo Chocó,-76.97466051,5.516077312
27050,Atrato,Chocó,Atrato Chocó,-76.63609193,5.530768033
27073,Bagadó,Chocó,Bagadó Chocó,-76.41598377,5.411658353
27600,Río Quito,Chocó,Río Quito Chocó,-76.73926741,5.48338233
27745,Sipí,Chocó,Sipí Chocó,-76.64409966,4.653165974
27787,Tadó,Chocó,Tadó Chocó,-76.55894668,5.264411843
27810,Unión Panamericana,Chocó,Unión Panamericana Chocó,-76.6293712,5.281265958
27450,Medio San Juan,Chocó,Medio San Juan Chocó,-76.69555192,5.09655112
5284,Frontino,Antioquia,Frontino Antioquia,-76.13125145,6.775527538
5004,Abriaquí,Antioquia,Abriaquí Antioquia,-76.06478052,6.633806054
5847,Urrao,Antioquia,Urrao Antioquia,-76.13226736,6.313944318
5001,Medellín,Antioquia,Medellín Antioquia,-75.55169559,6.290507178
5360,Itagui,Antioquia,Itagui Antioquia,-75.6284342,6.166018912
5266,Envigado,Antioquia,Envigado Antioquia,-75.57280089,6.16876664
5088,Bello,Antioquia,Bello Antioquia,-75.54449207,6.327056194
5628,Sabanalarga,Antioquia,Sabanalarga Antioquia,-75.81419437,6.853476619
5138,Cañasgordas,Antioquia,Cañasgordas Antioquia,-76.02459384,6.7498225
5113,Buriticá,Antioquia,Buriticá Antioquia,-75.90686402,6.720698487
5306,Giraldo,Antioquia,Giraldo Antioquia,-75.95154564,6.679573612
5042,Santafé de Antioquia,Antioquia,Santafé de Antioquia Antioquia,-75.82666299,6.559037503
5125,Caicedo,Antioquia,Caicedo Antioquia,-75.98418058,6.405730995
5044,Anza,Antioquia,Anza Antioquia,-75.85374181,6.30217365
5093,Betulia,Antioquia,Betulia Antioquia,-75.98421753,6.109033669
5631,Sabaneta,Antioquia,Sabaneta Antioquia,-75.61538614,6.151332188
5380,La Estrella,Antioquia,La Estrella Antioquia,-75.637965,6.156572683
5129,Caldas,Antioquia,Caldas Antioquia,-75.63490246,6.092840285
5607,Retiro,Antioquia,Retiro Antioquia,-75.50231331,6.06127756
5615,Rionegro,Antioquia,Rionegro Antioquia,-75.37610117,6.145669983
5656,San Jerónimo,Antioquia,San Jerónimo Antioquia,-75.72784549,6.443007816
5664,San Pedro,Antioquia,San Pedro Antioquia,-75.56067241,6.461263848
5308,Girardota,Antioquia,Girardota Antioquia,-75.44372946,6.379288405
5212,Copacabana,Antioquia,Copacabana Antioquia,-75.50269503,6.358294328
5079,Barbosa,Antioquia,Barbosa Antioquia,-75.33241579,6.439001139
5318,Guarne,Antioquia,Guarne Antioquia,-75.44135909,6.277592591
5674,San Vicente,Antioquia,San Vicente Antioquia,-75.33268536,6.285663578
5440,Marinilla,Antioquia,Marinilla Antioquia,-75.33821858,6.173509976
5148,El Carmen de Viboral,Antioquia,El Carmen de Viboral Antioquia,-75.33417548,6.083301125
5240,Ebéjico,Antioquia,Ebéjico Antioquia,-75.76690502,6.327203672
5347,Heliconia,Antioquia,Heliconia Antioquia,-75.734813,6.205977129
5059,Armenia,Antioquia,Armenia Antioquia,-75.78703368,6.156214009
5036,Angelópolis,Antioquia,Angelópolis Antioquia,-75.71136162,6.112895684
17001,Manizales,Caldas,Manizales Caldas,-75.4877286,5.069720207
17873,Villamaría,Caldas,Villamaría Caldas,-75.50356634,5.03985157
17380,La Dorada,Caldas,La Dorada Caldas,-74.66830936,5.450650836
5809,Titiribí,Antioquia,Titiribí Antioquia,-75.79239368,6.061704567
5030,Amagá,Antioquia,Amagá Antioquia,-75.70178907,6.03577806
5209,Concordia,Antioquia,Concordia Antioquia,-75.90837859,6.045976017
5353,Hispania,Antioquia,Hispania Antioquia,-75.90726434,5.799308445
5101,Ciudad Bolívar,Antioquia,Ciudad Bolívar Antioquia,-76.02281987,5.851010626
5642,Salgar,Antioquia,Salgar Antioquia,-75.97649099,5.963568209
5576,Pueblorrico,Antioquia,Pueblorrico Antioquia,-75.83918574,5.793330494
5091,Betania,Antioquia,Betania Antioquia,-75.97920077,5.747324698
5368,Jericó,Antioquia,Jericó Antioquia,-75.78513302,5.790652033
5789,Támesis,Antioquia,Támesis Antioquia,-75.71424703,5.665121894
5856,Valparaíso,Antioquia,Valparaíso Antioquia,-75.62474071,5.614643998
5145,Caramanta,Antioquia,Caramanta Antioquia,-75.64535677,5.549040505
5364,Jardín,Antioquia,Jardín Antioquia,-75.8202205,5.597688367
5034,Andes,Antioquia,Andes Antioquia,-75.87927689,5.656830074
27245,El Carmen de Atrato,Chocó,El Carmen de Atrato Chocó,-76.14211252,5.899954387
66383,La Celia,Risaralda,La Celia Risaralda,-76.00321584,5.003315411
66400,La Virginia,Risaralda,La Virginia Risaralda,-75.87833336,4.897968001
66440,Marsella,Risaralda,Marsella Risaralda,-75.73853686,4.936612043
66456,Mistrató,Risaralda,Mistrató Risaralda,-75.8821794,5.297456389
66572,Pueblo Rico,Risaralda,Pueblo Rico Risaralda,-76.03082227,5.222035967
66594,Quinchía,Risaralda,Quinchía Risaralda,-75.73073817,5.341134533
66682,Santa Rosa de Cabal,Risaralda,Santa Rosa de Cabal Risaralda,-75.62409729,4.876450014
66687,Santuario,Risaralda,Santuario Risaralda,-75.96422752,5.074594035
66001,Pereira,Risaralda,Pereira Risaralda,-75.70034731,4.81599777
63190,Circasia,Quindio,Circasia Quindio,-75.63585223,4.617276689
5376,La Ceja,Antioquia,La Ceja Antioquia,-75.42800444,6.02974481
5400,La Unión,Antioquia,La Unión Antioquia,-75.36060174,5.974297396
5002,Abejorral,Antioquia,Abejorral Antioquia,-75.42894684,5.789485664
5467,Montebello,Antioquia,Montebello Antioquia,-75.5237806,5.946508875
5679,Santa Bárbara,Antioquia,Santa Bárbara Antioquia,-75.56793348,5.876009831
5390,La Pintada,Antioquia,La Pintada Antioquia,-75.60582248,5.741974391
5282,Fredonia,Antioquia,Fredonia Antioquia,-75.67437093,5.927671718
5756,Sonson,Antioquia,Sonson Antioquia,-75.31032889,5.712734274
5652,San Francisco,Antioquia,San Francisco Antioquia,-75.10188053,5.964118617
5055,Argelia,Antioquia,Argelia Antioquia,-75.14274246,5.731507552
5483,Nariño,Antioquia,Nariño Antioquia,-75.17494738,5.61094056
5697,El Santuario,Antioquia,El Santuario Antioquia,-75.26543605,6.137060301
5197,Cocorná,Antioquia,Cocorná Antioquia,-75.18563934,6.057835407
5660,San Luis,Antioquia,San Luis Antioquia,-74.99442095,6.042811908
5649,San Carlos,Antioquia,San Carlos Antioquia,-74.9930307,6.18792239
5313,Granada,Antioquia,Granada Antioquia,-75.18386151,6.138867912
5541,Peñol,Antioquia,Peñol Antioquia,-75.21238785,6.221623548
5321,Guatapé,Antioquia,Guatapé Antioquia,-75.15874462,6.231778178
5667,San Rafael,Antioquia,San Rafael Antioquia,-75.02827793,6.293895422
5021,Alejandría,Antioquia,Alejandría Antioquia,-75.14135114,6.375878751
5206,Concepción,Antioquia,Concepción Antioquia,-75.25758512,6.394170607
5658,San José de La Montaña,Antioquia,San José de La Montaña Antioquia,-75.68411071,6.849684997
5086,Belmira,Antioquia,Belmira Antioquia,-75.66686453,6.605379834
5264,Entrerrios,Antioquia,Entrerrios Antioquia,-75.51718299,6.566594343
5761,Sopetrán,Antioquia,Sopetrán Antioquia,-75.74583399,6.500835554
5501,Olaya,Antioquia,Olaya Antioquia,-75.81220135,6.626591376
5411,Liborina,Antioquia,Liborina Antioquia,-75.81219335,6.67777618
5038,Angostura,Antioquia,Angostura Antioquia,-75.33497692,6.885310433
5315,Guadalupe,Antioquia,Guadalupe Antioquia,-75.23974978,6.815001107
5310,Gómez Plata,Antioquia,Gómez Plata Antioquia,-75.22172156,6.683982522
5150,Carolina,Antioquia,Carolina Antioquia,-75.28363764,6.725931925
5686,Santa Rosa de Osos,Antioquia,Santa Rosa de Osos Antioquia,-75.4601084,6.645116599
5237,Don Matías,Antioquia,Don Matías Antioquia,-75.3941233,6.485830012
5858,Vegachí,Antioquia,Vegachí Antioquia,-74.79816211,6.768610691
5885,Yalí,Antioquia,Yalí Antioquia,-74.84152009,6.668661608
5890,Yolombó,Antioquia,Yolombó Antioquia,-75.01384149,6.595323579
5670,San Roque,Antioquia,San Roque Antioquia,-75.01951416,6.485600845
5690,Santo Domingo,Antioquia,Santo Domingo Antioquia,-75.16519931,6.472469915
5190,Cisneros,Antioquia,Cisneros Antioquia,-75.08673716,6.538872229
5579,Puerto Berrío,Antioquia,Puerto Berrío Antioquia,-74.40713862,6.483691814
5585,Puerto Nare,Antioquia,Puerto Nare Antioquia,-74.58344789,6.186479089
5591,Puerto Triunfo,Antioquia,Puerto Triunfo Antioquia,-74.63881093,5.88453039
5142,Caracolí,Antioquia,Caracolí Antioquia,-74.75762934,6.41024012
5425,Maceo,Antioquia,Maceo Antioquia,-74.78804458,6.552992404
27660,San José del Palmar,Chocó,San José del Palmar Chocó,-76.23431577,4.896163107
13052,Arjona,Bolívar,Arjona Bolívar,-75.34732037,10.25364066
13062,Arroyohondo,Bolívar,Arroyohondo Bolívar,-75.01932119,10.25027313
13188,Cicuco,Bolívar,Cicuco Bolívar,-74.64553649,9.275370411
13212,Córdoba,Bolívar,Córdoba Bolívar,-74.82751879,9.586609582
13222,Clemencia,Bolívar,Clemencia Bolívar,-75.32567494,10.56767204
13244,El Carmen de Bolívar,Bolívar,El Carmen de Bolívar Bolívar,-75.12140834,9.717671805
13248,El Guamo,Bolívar,El Guamo Bolívar,-74.97537492,10.03109728
8001,Barranquilla,Atlántico,Barranquilla Atlántico,-74.83103232,10.93013434
47707,Santa Ana,Magdalena,Santa Ana Magdalena,-74.56756617,9.322573774
8675,Santa Lucía,Atlántico,Santa Lucía Atlántico,-74.96004237,10.32437171
70418,Los Palmitos,Sucre,Los Palmitos Sucre,-75.26815731,9.380172958
70742,San Luis de Sincé,Sucre,San Luis de Sincé Sucre,-75.14668879,9.244449411
25040,Anolaima,Cundinamarca,Anolaima Cundinamarca,-74.46379302,4.761660857
25086,Beltrán,Cundinamarca,Beltrán Cundinamarca,-74.74124367,4.802678271
25095,Bituima,Cundinamarca,Bituima Cundinamarca,-74.53970994,4.872035063
25099,Bojacá,Cundinamarca,Bojacá Cundinamarca,-74.34442266,4.737487276
25123,Cachipay,Cundinamarca,Cachipay Cundinamarca,-74.43596488,4.730928717
25148,Caparrapí,Cundinamarca,Caparrapí Cundinamarca,-74.49099552,5.348088425
25168,Chaguaní,Cundinamarca,Chaguaní Cundinamarca,-74.59365614,4.948932495
15572,Puerto Boyacá,Boyacá,Puerto Boyacá Boyacá,-74.58247571,5.974704994
17013,Aguadas,Caldas,Aguadas Caldas,-75.45426051,5.610538262
17042,Anserma,Caldas,Anserma Caldas,-75.7840205,5.238019498
17050,Aranzazu,Caldas,Aranzazu Caldas,-75.49077517,5.271496649
17088,Belalcázar,Caldas,Belalcázar Caldas,-75.80435504,4.993507785
17174,Chinchiná,Caldas,Chinchiná Caldas,-75.60719238,4.986369906
17272,Filadelfia,Caldas,Filadelfia Caldas,-75.56230685,5.29729663
17388,La Merced,Caldas,La Merced Caldas,-75.54578014,5.39697953
17433,Manzanares,Caldas,Manzanares Caldas,-75.15235936,5.256257821
17442,Marmato,Caldas,Marmato Caldas,-75.60075777,5.474501692
17444,Marquetalia,Caldas,Marquetalia Caldas,-75.05305406,5.299451768
17446,Marulanda,Caldas,Marulanda Caldas,-75.25986063,5.284233415
17486,Neira,Caldas,Neira Caldas,-75.51979357,5.166362716
17495,Norcasia,Caldas,Norcasia Caldas,-74.88920678,5.575224069
17513,Pácora,Caldas,Pácora Caldas,-75.46003448,5.528633072
17524,Palestina,Caldas,Palestina Caldas,-75.62286358,5.018665566
17541,Pensilvania,Caldas,Pensilvania Caldas,-75.15932036,5.383665952
17614,Riosucio,Caldas,Riosucio Caldas,-75.70234275,5.423900882
17616,Risaralda,Caldas,Risaralda Caldas,-75.76799047,5.163520264
17653,Salamina,Caldas,Salamina Caldas,-75.48737438,5.404215588
17662,Samaná,Caldas,Samaná Caldas,-74.99240666,5.413022156
17665,San José,Caldas,San José Caldas,-75.7916743,5.082588846
17777,Supía,Caldas,Supía Caldas,-75.64945779,5.446022945
17867,Victoria,Caldas,Victoria Caldas,-74.91117698,5.317426972
17877,Viterbo,Caldas,Viterbo Caldas,-75.87053056,5.062809489
76054,Argelia,Valle del Cauca,Argelia Valle del Cauca,-76.1209964,4.726956604
76246,El Cairo,Valle del Cauca,El Cairo Valle del Cauca,-76.22161412,4.760879685
76823,Toro,Valle del Cauca,Toro Valle del Cauca,-76.07795851,4.608657572
76147,Cartago,Valle del Cauca,Cartago Valle del Cauca,-75.91231443,4.730929701
76041,Ansermanuevo,Valle del Cauca,Ansermanuevo Valle del Cauca,-75.99294325,4.794328702
76243,El Águila,Valle del Cauca,El Águila Valle del Cauca,-76.04127464,4.909778485
76020,Alcalá,Valle del Cauca,Alcalá Valle del Cauca,-75.77989223,4.674010892
76845,Ulloa,Valle del Cauca,Ulloa Valle del Cauca,-75.73875491,4.702809111
66170,Dosquebradas,Risaralda,Dosquebradas Risaralda,-75.68183275,4.83694528
66075,Balboa,Risaralda,Balboa Risaralda,-75.95847399,4.949378451
66088,Belén de Umbría,Risaralda,Belén de Umbría Risaralda,-75.86851938,5.200764545
66318,Guática,Risaralda,Guática Risaralda,-75.7990847,5.315843652
66045,Apía,Risaralda,Apía Risaralda,-75.94164672,5.106370173
25269,Facatativá,Cundinamarca,Facatativá Cundinamarca,-74.35306195,4.818179697
25320,Guaduas,Cundinamarca,Guaduas Cundinamarca,-74.60344485,5.07243742
25328,Guayabal de Siquima,Cundinamarca,Guayabal de Siquima Cundinamarca,-74.46736127,4.877941091
25386,La Mesa,Cundinamarca,La Mesa Cundinamarca,-74.46127226,4.631284576
25394,La Palma,Cundinamarca,La Palma Cundinamarca,-74.39093944,5.35891484
25398,La Peña,Cundinamarca,La Peña Cundinamarca,-74.3941043,5.198824528
25402,La Vega,Cundinamarca,La Vega Cundinamarca,-74.33738648,4.997826878
25797,Tena,Cundinamarca,Tena Cundinamarca,-74.38933519,4.655348037
25019,Albán,Cundinamarca,Albán Cundinamarca,-74.43831345,4.877954669
25489,Nimaima,Cundinamarca,Nimaima Cundinamarca,-74.38664001,5.125521094
25491,Nocaima,Cundinamarca,Nocaima Cundinamarca,-74.37894298,5.069574157
25572,Puerto Salgar,Cundinamarca,Puerto Salgar Cundinamarca,-74.65422169,5.465015206
25580,Pulí,Cundinamarca,Pulí Cundinamarca,-74.71422676,4.681872028
25592,Quebradanegra,Cundinamarca,Quebradanegra Cundinamarca,-74.47994297,5.118184247
25596,Quipile,Cundinamarca,Quipile Cundinamarca,-74.53346339,4.744733793
25645,San Antonio del Tequendama,Cundinamarca,San Antonio del Tequendama Cundinamarca,-74.35182797,4.616074284
25662,San Juan de Río Seco,Cundinamarca,San Juan de Río Seco Cundinamarca,-74.62166702,4.847248655
25718,Sasaima,Cundinamarca,Sasaima Cundinamarca,-74.43297488,4.962064884
25823,Topaipí,Cundinamarca,Topaipí Cundinamarca,-74.30190415,5.335767773
25851,Útica,Cundinamarca,Útica Cundinamarca,-74.48355695,5.190846902
25862,Vergara,Cundinamarca,Vergara Cundinamarca,-74.34549553,5.118071208
25867,Vianí,Cundinamarca,Vianí Cundinamarca,-74.56135937,4.874904767
25875,Villeta,Cundinamarca,Villeta Cundinamarca,-74.47292019,5.009379077
25885,Yacopí,Cundinamarca,Yacopí Cundinamarca,-74.33845528,5.459489351
25898,Zipacón,Cundinamarca,Zipacón Cundinamarca,-74.37984588,4.75985086
63272,Filandia,Quindio,Filandia Quindio,-75.65805016,4.675005791
63594,Quimbaya,Quindio,Quimbaya Quindio,-75.76354813,4.624497403
63690,Salento,Quindio,Salento Quindio,-75.57061556,4.637509581
73030,Ambalema,Tolima,Ambalema Tolima,-74.76460618,4.783610594
73043,Anzoátegui,Tolima,Anzoátegui Tolima,-75.09418604,4.631237416
73055,Armero,Tolima,Armero Tolima,-74.88428865,5.029919405
73152,Casabianca,Tolima,Casabianca Tolima,-75.12039204,5.078845921
73270,Falan,Tolima,Falan Tolima,-74.95178819,5.120065758
73283,Fresno,Tolima,Fresno Tolima,-75.03622049,5.153536142
73347,Herveo,Tolima,Herveo Tolima,-75.17825014,5.079893869
73349,Honda,Tolima,Honda Tolima,-74.7559185,5.211243303
73408,Lérida,Tolima,Lérida Tolima,-74.91164241,4.861204324
73411,Líbano,Tolima,Líbano Tolima,-75.06140381,4.920296916
73443,Mariquita,Tolima,Mariquita Tolima,-74.88948379,5.200213462
73461,Murillo,Tolima,Murillo Tolima,-75.17073475,4.874573295
73520,Palocabildo,Tolima,Palocabildo Tolima,-75.02336869,5.120428692
73686,Santa Isabel,Tolima,Santa Isabel Tolima,-75.09751431,4.714043282
73861,Venadillo,Tolima,Venadillo Tolima,-74.92938773,4.716760823
73870,Villahermosa,Tolima,Villahermosa Tolima,-75.11748376,5.030221012
5792,Tarso,Antioquia,Tarso Antioquia,-75.82281886,5.864785543
5861,Venecia,Antioquia,Venecia Antioquia,-75.73501644,5.964078184
5490,Necoclí,Antioquia,Necoclí Antioquia,-76.79023497,8.436004983
5659,San Juan de Urabá,Antioquia,San Juan de Urabá Antioquia,-76.52862445,8.758877905
5051,Arboletes,Antioquia,Arboletes Antioquia,-76.42679367,8.850045629
5665,San Pedro de Uraba,Antioquia,San Pedro de Uraba Antioquia,-76.37935343,8.275998623
5837,Turbo,Antioquia,Turbo Antioquia,-76.73182463,8.089931317
5147,Carepa,Antioquia,Carepa Antioquia,-76.65398259,7.755033954
5172,Chigorodó,Antioquia,Chigorodó Antioquia,-76.67722839,7.665894884
5480,Mutatá,Antioquia,Mutatá Antioquia,-76.43673367,7.243905338
5234,Dabeiba,Antioquia,Dabeiba Antioquia,-76.26302275,6.999970469
5475,Murindó,Antioquia,Murindó Antioquia,-76.82001448,6.97690794
5045,Apartadó,Antioquia,Apartadó Antioquia,-76.62101401,7.883042518
27006,Acandí,Chocó,Acandí Chocó,-77.27864477,8.510887467
27800,Unguía,Chocó,Unguía Chocó,-77.09426424,8.045985795
27372,Juradó,Chocó,Juradó Chocó,-77.76247299,7.102862778
23419,Los Córdobas,Córdoba,Los Córdobas Córdoba,-76.3547035,8.905709149
23574,Puerto Escondido,Córdoba,Puerto Escondido Córdoba,-76.26145303,9.003732725
27150,Carmen del Darien,Chocó,Carmen del Darien Chocó,-76.971915,7.156152093
27615,Riosucio,Chocó,Riosucio Chocó,-77.11288502,7.436059326
5543,Peque,Antioquia,Peque Antioquia,-75.90869987,7.022042943
13006,Achí,Bolívar,Achí Bolívar,-74.55549743,8.567818623
70265,Guaranda,Sucre,Guaranda Sucre,-74.53734053,8.46829523
5854,Valdivia,Antioquia,Valdivia Antioquia,-75.43954175,7.163299124
5134,Campamento,Antioquia,Campamento Antioquia,-75.29931988,6.980419787
5887,Yarumal,Antioquia,Yarumal Antioquia,-75.41961267,6.965518675
5647,San Andrés de Cuerquía,Antioquia,San Andrés de Cuerquía Antioquia,-75.67549664,6.917449402
5819,Toledo,Antioquia,Toledo Antioquia,-75.69219489,7.010284982
5107,Briceño,Antioquia,Briceño Antioquia,-75.55074301,7.112457183
5361,Ituango,Antioquia,Ituango Antioquia,-75.76419575,7.171566314
5154,Caucasia,Antioquia,Caucasia Antioquia,-75.19771712,7.978563037
5495,Nechí,Antioquia,Nechí Antioquia,-74.77680312,8.088037103
5250,El Bagre,Antioquia,El Bagre Antioquia,-74.80598906,7.599497821
5895,Zaragoza,Antioquia,Zaragoza Antioquia,-74.86799231,7.488092803
5120,Cáceres,Antioquia,Cáceres Antioquia,-75.35288694,7.574391214
5790,Tarazá,Antioquia,Tarazá Antioquia,-75.40056881,7.579863914
5736,Segovia,Antioquia,Segovia Antioquia,-74.69930219,7.079861184
5604,Remedios,Antioquia,Remedios Antioquia,-74.69419557,7.029446297
5040,Anorí,Antioquia,Anorí Antioquia,-75.14807891,7.078182895
70708,San Marcos,Sucre,San Marcos Sucre,-75.1306696,8.6617696
70124,Caimito,Sucre,Caimito Sucre,-75.11599691,8.788970162
70233,El Roble,Sucre,El Roble Sucre,-75.19398572,9.107043515
70235,Galeras,Sucre,Galeras Sucre,-75.04935157,9.159770337
70400,La Unión,Sucre,La Unión Sucre,-75.28202587,8.853796416
70429,Majagual,Sucre,Majagual Sucre,-74.62834968,8.541802327
70670,Sampués,Sucre,Sampués Sucre,-75.37919792,9.182403533
70678,San Benito Abad,Sucre,San Benito Abad Sucre,-75.03138185,8.92988959
70771,Sucre,Sucre,Sucre Sucre,-74.72323247,8.814039859
13458,Montecristo,Bolívar,Montecristo Bolívar,-74.47391398,8.295590733
13549,Pinillos,Bolívar,Pinillos Bolívar,-74.46187997,8.914748587
13655,San Jacinto del Cauca,Bolívar,San Jacinto del Cauca Bolívar,-74.72232369,8.249633706
23068,Ayapel,Córdoba,Ayapel Córdoba,-75.14701974,8.311090964
23079,Buenavista,Córdoba,Buenavista Córdoba,-75.48200462,8.222242499
23090,Canalete,Córdoba,Canalete Córdoba,-76.24077487,8.787552693
23162,Cereté,Córdoba,Cereté Córdoba,-75.79240745,8.885295866
23182,Chinú,Córdoba,Chinú Córdoba,-75.40029562,9.105932134
23189,Ciénaga de Oro,Córdoba,Ciénaga de Oro Córdoba,-75.62212674,8.878135724
23350,La Apartada,Córdoba,La Apartada Córdoba,-75.33469117,8.047766699
23466,Montelíbano,Córdoba,Montelíbano Córdoba,-75.41849058,7.977876187
23555,Planeta Rica,Córdoba,Planeta Rica Córdoba,-75.58420523,8.407985084
23570,Pueblo Nuevo,Córdoba,Pueblo Nuevo Córdoba,-75.50819029,8.502612723
23580,Puerto Libertador,Córdoba,Puerto Libertador Córdoba,-75.67203028,7.8892301
23660,Sahagún,Córdoba,Sahagún Córdoba,-75.4455166,8.943510473
23678,San Carlos,Córdoba,San Carlos Córdoba,-75.69904603,8.799176792
23686,San Pelayo,Córdoba,San Pelayo Córdoba,-75.83553814,8.95814737
23807,Tierralta,Córdoba,Tierralta Córdoba,-76.06018699,8.171880414
23855,Valencia,Córdoba,Valencia Córdoba,-76.14992425,8.257214903
23001,Montería,Córdoba,Montería Córdoba,-75.89843407,8.759480009
23670,San Andrés Sotavento,Córdoba,San Andrés Sotavento Córdoba,-75.50871705,9.145182708
23168,Chimá,Córdoba,Chimá Córdoba,-75.62853508,9.149406274
23300,Cotorra,Córdoba,Cotorra Córdoba,-75.7911881,9.038850171
23682,San José de Uré,Córdoba,San José de Uré Córdoba,-75.53488477,7.78692706
23815,Tuchín,Córdoba,Tuchín Córdoba,-75.55516684,9.186501741
88001,San Andrés,San Andrés,San Andrés San Andrés,-81.70720079,12.57992492
88564,Providencia,San Andrés,Providencia San Andrés,-81.36642922,13.37485295
13873,Villanueva,Bolívar,Villanueva Bolívar,-75.2758015,10.44420605
13894,Zambrano,Bolívar,Zambrano Bolívar,-74.8190171,9.747499258
13430,Magangué,Bolívar,Magangué Bolívar,-74.76981717,9.247280943
13836,Turbaco,Bolívar,Turbaco Bolívar,-75.42156987,10.33923049
13620,San Cristóbal,Bolívar,San Cristóbal Bolívar,-75.0646595,10.3938805
13140,Calamar,Bolívar,Calamar Bolívar,-74.91573561,10.25109223
70001,Sincelejo,Sucre,Sincelejo Sucre,-75.40768352,9.308844628
70110,Buenavista,Sucre,Buenavista Sucre,-74.97388047,9.319648651
70204,Coloso,Sucre,Coloso Sucre,-75.35611072,9.490997576
70221,Coveñas,Sucre,Coveñas Sucre,-75.66613605,9.405849809
70230,Chalán,Sucre,Chalán Sucre,-75.31281692,9.545852746
70473,Morroa,Sucre,Morroa Sucre,-75.30783863,9.332256034
70508,Ovejas,Sucre,Ovejas Sucre,-75.22882749,9.525983167
70523,Palmito,Sucre,Palmito Sucre,-75.54120728,9.333144678
70702,San Juan de Betulia,Sucre,San Juan de Betulia Sucre,-75.24317184,9.274557846
70713,San Onofre,Sucre,San Onofre Sucre,-75.5237674,9.736898368
70717,San Pedro,Sucre,San Pedro Sucre,-75.06379486,9.396056328
70820,Tolú,Sucre,Tolú Sucre,-75.58182659,9.530976311
70823,Tolú Viejo,Sucre,Tolú Viejo Sucre,-75.43968714,9.453223237
70215,Corozal,Sucre,Corozal Sucre,-75.29373782,9.318952103
47205,Concordia,Magdalena,Concordia Magdalena,-74.82894871,10.25616571
47258,El Piñon,Magdalena,El Piñon Magdalena,-74.82319825,10.40310952
47460,Nueva Granada,Magdalena,Nueva Granada Magdalena,-74.39206432,9.806141936
47541,Pedraza,Magdalena,Pedraza Magdalena,-74.91512662,10.18784042
47545,Pijiño del Carmen,Magdalena,Pijiño del Carmen Magdalena,-74.45770422,9.331662875
47551,Pivijay,Magdalena,Pivijay Magdalena,-74.61536303,10.46134181
47555,Plato,Magdalena,Plato Magdalena,-74.7834136,9.792811112
47605,Remolino,Magdalena,Remolino Magdalena,-74.71652082,10.70184958
47675,Salamina,Magdalena,Salamina Magdalena,-74.79316949,10.49004644
47692,San Sebastián de Buenavista,Magdalena,San Sebastián de Buenavista Magdalena,-74.3514208,9.240736694
47703,San Zenón,Magdalena,San Zenón Magdalena,-74.49900295,9.244525066
47720,Santa Bárbara de Pinto,Magdalena,Santa Bárbara de Pinto Magdalena,-74.70536267,9.431614808
47745,Sitionuevo,Magdalena,Sitionuevo Magdalena,-74.72311565,10.78080877
47798,Tenerife,Magdalena,Tenerife Magdalena,-74.85760644,9.89826555
47960,Zapayán,Magdalena,Zapayán Magdalena,-74.71711233,10.16935015
13001,Cartagena,Bolívar,Cartagena Bolívar,-75.50108744,10.35939031
13433,Mahates,Bolívar,Mahates Bolívar,-75.19068683,10.23317565
13442,María La Baja,Bolívar,María La Baja Bolívar,-75.30181075,9.983858716
13468,Mompós,Bolívar,Mompós Bolívar,-74.42553849,9.240598513
13647,San Estanislao,Bolívar,San Estanislao Bolívar,-75.15278299,10.39880967
13654,San Jacinto,Bolívar,San Jacinto Bolívar,-75.12175258,9.830728069
13657,San Juan Nepomuceno,Bolívar,San Juan Nepomuceno Bolívar,-75.08362438,9.951340087
13673,Santa Catalina,Bolívar,Santa Catalina Bolívar,-75.28728195,10.60477043
13683,Santa Rosa,Bolívar,Santa Rosa Bolívar,-75.36957576,10.44509322
13760,Soplaviento,Bolívar,Soplaviento Bolívar,-75.13546903,10.39045021
13780,Talaigua Nuevo,Bolívar,Talaigua Nuevo Bolívar,-74.56785295,9.303987286
13838,Turbaná,Bolívar,Turbaná Bolívar,-75.44187336,10.27366058
47161,Cerro San Antonio,Magdalena,Cerro San Antonio Magdalena,-74.8687568,10.32643329
47170,Chivolo,Magdalena,Chivolo Magdalena,-74.62478481,10.02907589
23417,Lorica,Córdoba,Lorica Córdoba,-75.8169036,9.240243523
23500,Moñitos,Córdoba,Moñitos Córdoba,-76.1297061,9.246339042
23586,Purísima,Córdoba,Purísima Córdoba,-75.72256356,9.238091566
23672,San Antero,Córdoba,San Antero Córdoba,-75.76066992,9.375088658
23675,San Bernardo del Viento,Córdoba,San Bernardo del Viento Córdoba,-75.95408158,9.353893004
8078,Baranoa,Atlántico,Baranoa Atlántico,-74.916377,10.79337278
8137,Campo de La Cruz,Atlántico,Campo de La Cruz Atlántico,-74.88124052,10.37862464
8141,Candelaria,Atlántico,Candelaria Atlántico,-74.88004207,10.4606553
8296,Galapa,Atlántico,Galapa Atlántico,-74.88374732,10.90277604
8758,Soledad,Atlántico,Soledad Atlántico,-74.76555696,10.91327107
8372,Juan de Acosta,Atlántico,Juan de Acosta Atlántico,-75.03981542,10.83177696
8421,Luruaco,Atlántico,Luruaco Atlántico,-75.14244519,10.61060424
23464,Momil,Córdoba,Momil Córdoba,-75.67669511,9.239982386
25899,Zipaquirá,Cundinamarca,Zipaquirá Cundinamarca,-73.9854321,5.03025857
68377,La Belleza,Santander,La Belleza Santander,-73.96500846,5.859268011
68773,Sucre,Santander,Sucre Santander,-73.79152169,5.918479002
25781,Sutatausa,Cundinamarca,Sutatausa Cundinamarca,-73.85306634,5.24735025
68861,Vélez,Santander,Vélez Santander,-73.67281214,6.008044472
68327,Güepsa,Santander,Güepsa Santander,-73.57394825,6.025307358
68179,Chipatá,Santander,Chipatá Santander,-73.63742401,6.061735987
68770,Suaita,Santander,Suaita Santander,-73.44269803,6.098340716
68673,San Benito,Santander,San Benito Santander,-73.50952713,6.126648033
68264,Encino,Santander,Encino Santander,-73.09934486,6.138202368
68013,Aguada,Santander,Aguada Santander,-73.5223764,6.161727039
8433,Malambo,Atlántico,Malambo Atlántico,-74.78260451,10.87289719
8436,Manatí,Atlántico,Manatí Atlántico,-74.95984648,10.44818039
8549,Piojó,Atlántico,Piojó Atlántico,-75.10759383,10.75031804
8558,Polonuevo,Atlántico,Polonuevo Atlántico,-74.85349591,10.77752996
8520,Palmar de Varela,Atlántico,Palmar de Varela Atlántico,-74.75379755,10.74048162
8560,Ponedera,Atlántico,Ponedera Atlántico,-74.7529667,10.64185694
8573,Puerto Colombia,Atlántico,Puerto Colombia Atlántico,-74.95090172,10.99729594
8606,Repelón,Atlántico,Repelón Atlántico,-75.12429908,10.49451467
8634,Sabanagrande,Atlántico,Sabanagrande Atlántico,-74.75659102,10.79036843
8638,Sabanalarga,Atlántico,Sabanalarga Atlántico,-74.92244303,10.62779704
8685,Santo Tomás,Atlántico,Santo Tomás Atlántico,-74.75569109,10.76020479
8832,Tubará,Atlántico,Tubará Atlántico,-74.97800649,10.87360333
8770,Suan,Atlántico,Suan Atlántico,-74.88033092,10.33404361
8849,Usiacurí,Atlántico,Usiacurí Atlántico,-74.9765506,10.74241583
68397,La Paz,Santander,La Paz Santander,-73.58963205,6.178568783
68385,Landázuri,Santander,Landázuri Santander,-73.80915266,6.219377949
68245,El Guacamayo,Santander,El Guacamayo Santander,-73.497028,6.245335106
68320,Guadalupe,Santander,Guadalupe Santander,-73.41901635,6.24608589
68500,Oiba,Santander,Oiba Santander,-73.30044028,6.267493588
68344,Hato,Santander,Hato Santander,-73.30831758,6.543744518
68679,San Gil,Santander,San Gil Santander,-73.13607839,6.554290611
68686,San Miguel,Santander,San Miguel Santander,-72.64537608,6.576208065
68121,Cabrera,Santander,Cabrera Santander,-73.24658975,6.591719143
68229,Curití,Santander,Curití Santander,-73.06885213,6.604936416
68152,Carcasí,Santander,Carcasí Santander,-72.62645021,6.626725457
68207,Concepción,Santander,Concepción Santander,-72.69431466,6.768962299
68669,San Andrés,Santander,San Andrés Santander,-72.84887567,6.812508047
68895,Zapatoca,Santander,Zapatoca Santander,-73.27138398,6.813865819
68296,Galán,Santander,Galán Santander,-73.28747946,6.63941305
68079,Barichara,Santander,Barichara Santander,-73.22308602,6.636246377
68573,Puerto Parra,Santander,Puerto Parra Santander,-74.0563484,6.651372037
68684,San José de Miranda,Santander,San José de Miranda Santander,-72.73342205,6.658656194
25175,Chía,Cundinamarca,Chía Cundinamarca,-74.05767135,4.854823946
68101,Bolívar,Santander,Bolívar Santander,-73.77096641,5.986857699
68250,El Peñón,Santander,El Peñón Santander,-73.81438542,6.056581744
15218,Covarachía,Boyacá,Covarachía Boyacá,-72.73903557,6.500261954
85001,Yopal,Casanare,Yopal Casanare,-72.39683123,5.321421802
85010,Aguazul,Casanare,Aguazul Casanare,-72.55263073,5.169958568
85015,Chameza,Casanare,Chameza Casanare,-72.86996672,5.214081969
85162,Monterrey,Casanare,Monterrey Casanare,-72.89389473,4.877629436
85279,Recetor,Casanare,Recetor Casanare,-72.76095453,5.229123419
85300,Sabanalarga,Casanare,Sabanalarga Casanare,-73.03918825,4.85336694
85410,Tauramena,Casanare,Tauramena Casanare,-72.74902288,5.014123309
85440,Villanueva,Casanare,Villanueva Casanare,-72.92691543,4.61079119
68020,Albania,Santander,Albania Santander,-73.91413709,5.758987772
68271,Florián,Santander,Florián Santander,-73.97102037,5.804936085
68368,Jesús María,Santander,Jesús María Santander,-73.78283728,5.876518353
68572,Puente Nacional,Santander,Puente Nacional Santander,-73.67756339,5.878177995
68298,Gambita,Santander,Gambita Santander,-73.34376331,5.945767119
68077,Barbosa,Santander,Barbosa Santander,-73.61613353,5.932577475
68324,Guavatá,Santander,Guavatá Santander,-73.70069384,5.955048351
68167,Charalá,Santander,Charalá Santander,-73.14645309,6.285791734
68217,Coromoro,Santander,Coromoro Santander,-73.0405508,6.295493364
68211,Contratación,Santander,Contratación Santander,-73.47444005,6.29045126
68322,Guapotá,Santander,Guapotá Santander,-73.32095499,6.308377296
68190,Cimitarra,Santander,Cimitarra Santander,-73.94969707,6.314510325
68720,Santa Helena del Opón,Santander,Santa Helena del Opón Santander,-73.61633038,6.338689574
68498,Ocamonte,Santander,Ocamonte Santander,-73.12233318,6.340056424
68176,Chima,Santander,Chima Santander,-73.37316682,6.34197499
68502,Onzaga,Santander,Onzaga Santander,-72.8124448,6.343873581
68209,Confines,Santander,Confines Santander,-73.24115287,6.35696025
68524,Palmas del Socorro,Santander,Palmas del Socorro Santander,-73.28799851,6.40591869
68533,Páramo,Santander,Páramo Santander,-73.17015989,6.41663363
68682,San Joaquín,Santander,San Joaquín Santander,-72.86774575,6.427538577
68745,Simacota,Santander,Simacota Santander,-73.33743571,6.443474922
68855,Valle de San José,Santander,Valle de San José Santander,-73.14362249,6.448000288
68755,Socorro,Santander,Socorro Santander,-73.26159732,6.462485963
68464,Mogotes,Santander,Mogotes Santander,-72.97049617,6.475337707
68425,Macaravita,Santander,Macaravita Santander,-72.5933274,6.506757259
68549,Pinchote,Santander,Pinchote Santander,-73.17268485,6.532574101
68147,Capitanejo,Santander,Capitanejo Santander,-72.69543501,6.526752262
68522,Palmar,Santander,Palmar Santander,-73.2912739,6.538262634
68266,Enciso,Santander,Enciso Santander,-72.70013298,6.669719595
68468,Molagavita,Santander,Molagavita Santander,-72.80891128,6.674323479
68872,Villanueva,Santander,Villanueva Santander,-73.17437088,6.669364585
68051,Aratoca,Santander,Aratoca Santander,-73.01762164,6.694472503
68235,El Carmen de Chucurí,Santander,El Carmen de Chucurí Santander,-73.51158478,6.698658719
68432,Málaga,Santander,Málaga Santander,-72.72952657,6.703321758
68370,Jordán,Santander,Jordán Santander,-73.09603912,6.732333966
68160,Cepitá,Santander,Cepitá Santander,-72.97464565,6.753462325
68418,Los Santos,Santander,Los Santos Santander,-73.10204348,6.755878666
25126,Cajicá,Cundinamarca,Cajicá Cundinamarca,-74.02364951,4.920874713
25154,Carmen de Carupa,Cundinamarca,Carmen de Carupa Cundinamarca,-73.90132818,5.349218726
25183,Chocontá,Cundinamarca,Chocontá Cundinamarca,-73.68343129,5.145380897
25200,Cogua,Cundinamarca,Cogua Cundinamarca,-73.97831816,5.061789131
25214,Cota,Cundinamarca,Cota Cundinamarca,-74.10243653,4.809081779
25224,Cucunubá,Cundinamarca,Cucunubá Cundinamarca,-73.76626641,5.249943647
68162,Cerrito,Santander,Cerrito Santander,-72.69531355,6.841373838
68318,Guaca,Santander,Guaca Santander,-72.85578015,6.876049979
68689,San Vicente de Chucurí,Santander,San Vicente de Chucurí Santander,-73.4114878,6.87875071
15180,Chiscas,Boyacá,Chiscas Boyacá,-72.50017174,6.552999687
15244,El Cocuy,Boyacá,El Cocuy Boyacá,-72.4450722,6.409235422
15248,El Espino,Boyacá,El Espino Boyacá,-72.49635968,6.482601865
15317,Guacamayas,Boyacá,Guacamayas Boyacá,-72.50063794,6.459700438
15332,Güicán,Boyacá,Güicán Boyacá,-72.41209606,6.462917237
15522,Panqueba,Boyacá,Panqueba Boyacá,-72.45915798,6.443283694
15673,San Mateo,Boyacá,San Mateo Boyacá,-72.55498155,6.401822163
15097,Boavita,Boyacá,Boavita Boyacá,-72.58481457,6.33066519
15183,Chita,Boyacá,Chita Boyacá,-72.47134654,6.187242522
15368,Jericó,Boyacá,Jericó Boyacá,-72.57036996,6.146043406
15403,La Uvita,Boyacá,La Uvita Boyacá,-72.55947697,6.316781718
15720,Sativanorte,Boyacá,Sativanorte Boyacá,-72.70816845,6.131319078
15723,Sativasur,Boyacá,Sativasur Boyacá,-72.71222376,6.09347405
15753,Soatá,Boyacá,Soatá Boyacá,-72.68346126,6.333312091
15774,Susacón,Boyacá,Susacón Boyacá,-72.68982915,6.230761117
15810,Tipacoque,Boyacá,Tipacoque Boyacá,-72.69229422,6.419572041
15377,Labranzagrande,Boyacá,Labranzagrande Boyacá,-72.57825461,5.562567443
15533,Paya,Boyacá,Paya Boyacá,-72.4223571,5.626372822
15550,Pisba,Boyacá,Pisba Boyacá,-72.48277137,5.723445677
15755,Socotá,Boyacá,Socotá Boyacá,-72.63654923,6.040831593
15047,Aquitania,Boyacá,Aquitania Boyacá,-72.88439748,5.518289414
15087,Belén,Boyacá,Belén Boyacá,-72.91129945,5.988321352
15092,Betéitiva,Boyacá,Betéitiva Boyacá,-72.80904475,5.91046537
15114,Busbanzá,Boyacá,Busbanzá Boyacá,-72.88407565,5.830130214
15162,Cerinza,Boyacá,Cerinza Boyacá,-72.94776596,5.955961021
15215,Corrales,Boyacá,Corrales Boyacá,-72.84449154,5.828365249
15226,Cuítiva,Boyacá,Cuítiva Boyacá,-72.96617617,5.580244263
15272,Firavitoba,Boyacá,Firavitoba Boyacá,-72.99376776,5.669102113
15276,Floresta,Boyacá,Floresta Boyacá,-72.91845123,5.859765791
15296,Gameza,Boyacá,Gameza Boyacá,-72.80557111,5.802370121
15362,Iza,Boyacá,Iza Boyacá,-72.98021686,5.613927962
15464,Mongua,Boyacá,Mongua Boyacá,-72.80024988,5.752811642
15466,Monguí,Boyacá,Monguí Boyacá,-72.84892534,5.723342778
15491,Nobsa,Boyacá,Nobsa Boyacá,-72.93731397,5.768064996
15518,Pajarito,Boyacá,Pajarito Boyacá,-72.7026126,5.293776161
15537,Paz de Río,Boyacá,Paz de Río Boyacá,-72.74861207,5.987491614
15693,Santa Rosa de Viterbo,Boyacá,Santa Rosa de Viterbo Boyacá,-72.98243259,5.874722106
15757,Socha,Boyacá,Socha Boyacá,-72.69162768,5.996930903
15759,Sogamoso,Boyacá,Sogamoso Boyacá,-72.91949819,5.736554666
15790,Tasco,Boyacá,Tasco Boyacá,-72.78116164,5.909962604
15806,Tibasosa,Boyacá,Tibasosa Boyacá,-72.99969274,5.74713654
15820,Tópaga,Boyacá,Tópaga Boyacá,-72.83162214,5.769325343
15822,Tota,Boyacá,Tota Boyacá,-72.9858353,5.560470054
15839,Tutazá,Boyacá,Tutazá Boyacá,-72.85639178,6.032460654
15051,Arcabuco,Boyacá,Arcabuco Boyacá,-73.43703416,5.754497031
15185,Chitaraque,Boyacá,Chitaraque Boyacá,-73.44690349,6.027363064
15187,Chivatá,Boyacá,Chivatá Boyacá,-73.28246831,5.558688679
15204,Cómbita,Boyacá,Cómbita Boyacá,-73.3238934,5.634316731
15224,Cucaita,Boyacá,Cucaita Boyacá,-73.45459221,5.543020261
15232,Chíquiza,Boyacá,Chíquiza Boyacá,-73.484932,5.605299316
15293,Gachantivá,Boyacá,Gachantivá Boyacá,-73.5493682,5.751952757
15407,Villa de Leyva,Boyacá,Villa de Leyva Boyacá,-73.52650486,5.636223943
15469,Moniquirá,Boyacá,Moniquirá Boyacá,-73.57374662,5.876958223
15476,Motavita,Boyacá,Motavita Boyacá,-73.36771044,5.577524667
15500,Oicatá,Boyacá,Oicatá Boyacá,-73.30816805,5.594396812
15516,Paipa,Boyacá,Paipa Boyacá,-73.11630113,5.780320016
15542,Pesca,Boyacá,Pesca Boyacá,-73.05093915,5.55842835
15600,Ráquira,Boyacá,Ráquira Boyacá,-73.63234316,5.538720905
15638,Sáchica,Boyacá,Sáchica Boyacá,-73.54249386,5.582920177
15664,San José de Pare,Boyacá,San José de Pare Boyacá,-73.546225,6.018779185
15686,Santana,Boyacá,Santana Boyacá,-73.48217823,6.057456442
15696,Santa Sofía,Boyacá,Santa Sofía Boyacá,-73.60265821,5.713547935
15762,Sora,Boyacá,Sora Boyacá,-73.44993495,5.566816169
15763,Sotaquirá,Boyacá,Sotaquirá Boyacá,-73.24727584,5.765149897
15776,Sutamarchán,Boyacá,Sutamarchán Boyacá,-73.62061781,5.620127617
15808,Tinjacá,Boyacá,Tinjacá Boyacá,-73.64720365,5.579002753
15814,Toca,Boyacá,Toca Boyacá,-73.1845674,5.56539974
15816,Togüí,Boyacá,Togüí Boyacá,-73.51362365,5.93753224
15837,Tuta,Boyacá,Tuta Boyacá,-73.22824052,5.690066604
15106,Briceño,Boyacá,Briceño Boyacá,-73.92336076,5.69014989
15109,Buenavista,Boyacá,Buenavista Boyacá,-73.94260977,5.512833526
15131,Caldas,Boyacá,Caldas Boyacá,-73.86536708,5.554452858
15176,Chiquinquirá,Boyacá,Chiquinquirá Boyacá,-73.81766214,5.61548086
15212,Coper,Boyacá,Coper Boyacá,-74.04509396,5.475376516
15401,La Victoria,Boyacá,La Victoria Boyacá,-74.23466234,5.523503641
15442,Maripí,Boyacá,Maripí Boyacá,-74.00463214,5.549652291
15480,Muzo,Boyacá,Muzo Boyacá,-74.10296862,5.531964684
15507,Otanche,Boyacá,Otanche Boyacá,-74.18133975,5.65794181
15531,Pauna,Boyacá,Pauna Boyacá,-73.97863894,5.656522049
15580,Quípama,Boyacá,Quípama Boyacá,-74.18126551,5.522934658
15632,Saboyá,Boyacá,Saboyá Boyacá,-73.76464867,5.69817214
15676,San Miguel de Sema,Boyacá,San Miguel de Sema Boyacá,-73.72204803,5.517712577
15681,San Pablo de Borbur,Boyacá,San Pablo de Borbur Boyacá,-74.0666505,5.6590036
15832,Tununguá,Boyacá,Tununguá Boyacá,-73.93309172,5.730394009
15090,Berbeo,Boyacá,Berbeo Boyacá,-73.12691551,5.227129353
15104,Boyacá,Boyacá,Boyacá Boyacá,-73.36207915,5.454534701
15172,Chinavita,Boyacá,Chinavita Boyacá,-73.36868282,5.167394685
15189,Ciénega,Boyacá,Ciénega Boyacá,-73.29602291,5.409406739
15455,Miraflores,Boyacá,Miraflores Boyacá,-73.14491413,5.195922888
15494,Nuevo Colón,Boyacá,Nuevo Colón Boyacá,-73.45712029,5.355047311
15599,Ramiriquí,Boyacá,Ramiriquí Boyacá,-73.33551788,5.401157966
15621,Rondón,Boyacá,Rondón Boyacá,-73.20864648,5.357015111
15646,Samacá,Boyacá,Samacá Boyacá,-73.48602365,5.492608452
15660,San Eduardo,Boyacá,San Eduardo Boyacá,-73.07738338,5.224253487
15740,Siachoque,Boyacá,Siachoque Boyacá,-73.24523944,5.510999853
15764,Soracá,Boyacá,Soracá Boyacá,-73.33286729,5.50106551
15804,Tibaná,Boyacá,Tibaná Boyacá,-73.39679786,5.316164142
15835,Turmequé,Boyacá,Turmequé Boyacá,-73.4913043,5.323436429
15842,Umbita,Boyacá,Umbita Boyacá,-73.45693733,5.217610591
15861,Ventaquemada,Boyacá,Ventaquemada Boyacá,-73.52068664,5.369230497
15879,Viracachá,Boyacá,Viracachá Boyacá,-73.29671645,5.43668792
15897,Zetaquira,Boyacá,Zetaquira Boyacá,-73.17208126,5.284324706
15022,Almeida,Boyacá,Almeida Boyacá,-73.37874014,4.970507053
15135,Campohermoso,Boyacá,Campohermoso Boyacá,-73.10357029,5.030605245
15236,Chivor,Boyacá,Chivor Boyacá,-73.36862893,4.888187404
15299,Garagoa,Boyacá,Garagoa Boyacá,-73.36482131,5.082274903
15322,Guateque,Boyacá,Guateque Boyacá,-73.47199365,5.007075429
15325,Guayatá,Boyacá,Guayatá Boyacá,-73.4901748,4.966796959
15380,La Capilla,Boyacá,La Capilla Boyacá,-73.44506564,5.095536483
15425,Macanal,Boyacá,Macanal Boyacá,-73.31957575,4.97219326
15511,Pachavita,Boyacá,Pachavita Boyacá,-73.39737718,5.140019986
15514,Páez,Boyacá,Páez Boyacá,-73.05205171,5.100635999
15667,San Luis de Gaceno,Boyacá,San Luis de Gaceno Boyacá,-73.16888461,4.818710958
15690,Santa María,Boyacá,Santa María Boyacá,-73.26327131,4.857606035
15761,Somondoco,Boyacá,Somondoco Boyacá,-73.43335065,4.985836396
15778,Sutatenza,Boyacá,Sutatenza Boyacá,-73.45210219,5.023219821
15798,Tenza,Boyacá,Tenza Boyacá,-73.42168824,5.076913224
15001,Tunja,Boyacá,Tunja Boyacá,-73.34575318,5.559139078
25317,Guachetá,Cundinamarca,Guachetá Cundinamarca,-73.68695193,5.383571834
25322,Guasca,Cundinamarca,Guasca Cundinamarca,-73.87741495,4.867283126
25326,Guatavita,Cundinamarca,Guatavita Cundinamarca,-73.83295886,4.934985422
25372,Junín,Cundinamarca,Junín Cundinamarca,-73.66288377,4.790632429
25377,La Calera,Cundinamarca,La Calera Cundinamarca,-73.96811169,4.721701557
25407,Lenguazaque,Cundinamarca,Lenguazaque Cundinamarca,-73.71150163,5.306007646
25426,Macheta,Cundinamarca,Macheta Cundinamarca,-73.60834435,5.080241899
25430,Madrid,Cundinamarca,Madrid Cundinamarca,-74.26517055,4.732704064
25436,Manta,Cundinamarca,Manta Cundinamarca,-73.54052636,5.009176179
25745,Simijaca,Cundinamarca,Simijaca Cundinamarca,-73.85015892,5.504762348
25758,Sopó,Cundinamarca,Sopó Cundinamarca,-73.94205332,4.914171363
25769,Subachoque,Cundinamarca,Subachoque Cundinamarca,-74.17254135,4.929070047
25772,Suesca,Cundinamarca,Suesca Cundinamarca,-73.79841923,5.103416695
25777,Supatá,Cundinamarca,Supatá Cundinamarca,-74.23586383,5.061763315
25779,Susa,Cundinamarca,Susa Cundinamarca,-73.81402122,5.454968667
25785,Tabio,Cundinamarca,Tabio Cundinamarca,-74.09698633,4.91772426
25793,Tausa,Cundinamarca,Tausa Cundinamarca,-73.88592881,5.196339787
25799,Tenjo,Cundinamarca,Tenjo Cundinamarca,-74.14346458,4.871716856
25807,Tibirita,Cundinamarca,Tibirita Cundinamarca,-73.5047096,5.052423675
25288,Fúquene,Cundinamarca,Fúquene Cundinamarca,-73.79586652,5.40398634
25293,Gachala,Cundinamarca,Gachala Cundinamarca,-73.52052723,4.69298604
25295,Gachancipá,Cundinamarca,Gachancipá Cundinamarca,-73.87297695,4.991029546
25297,Gachetá,Cundinamarca,Gachetá Cundinamarca,-73.63631295,4.816441558
25299,Gama,Cundinamarca,Gama Cundinamarca,-73.61079713,4.762586822
25486,Nemocón,Cundinamarca,Nemocón Cundinamarca,-73.87894971,5.067571658
25513,Pacho,Cundinamarca,Pacho Cundinamarca,-74.15525786,5.13596654
25518,Paime,Cundinamarca,Paime Cundinamarca,-74.15283365,5.370770437
25653,San Cayetano,Cundinamarca,San Cayetano Cundinamarca,-74.02327424,5.333231567
25736,Sesquilé,Cundinamarca,Sesquilé Cundinamarca,-73.79679364,5.045174568
25817,Tocancipá,Cundinamarca,Tocancipá Cundinamarca,-73.91175282,4.96439641
25839,Ubalá,Cundinamarca,Ubalá Cundinamarca,-73.53231882,4.748181284
25843,Villa de San Diego de Ubate,Cundinamarca,Villa de San Diego de Ubate Cundinamarca,-73.81451032,5.307456006
25871,Villagómez,Cundinamarca,Villagómez Cundinamarca,-74.19519332,5.273133415
25873,Villapinzón,Cundinamarca,Villapinzón Cundinamarca,-73.59686939,5.214792375
25260,El Rosal,Cundinamarca,El Rosal Cundinamarca,-74.26297998,4.850799909
25473,Mosquera,Cundinamarca,Mosquera Cundinamarca,-74.21637904,4.707668162
25286,Funza,Cundinamarca,Funza Cundinamarca,-74.2074366,4.713789974
15238,Duitama,Boyacá,Duitama Boyacá,-73.02466986,5.812641562
15367,Jenesano,Boyacá,Jenesano Boyacá,-73.36432039,5.385015974
85125,Hato Corozal,Casanare,Hato Corozal Casanare,-71.76465442,6.156372523
85136,La Salina,Casanare,La Salina Casanare,-72.33400493,6.127803743
85139,Maní,Casanare,Maní Casanare,-72.28077915,4.817409652
85225,Nunchía,Casanare,Nunchía Casanare,-72.19542083,5.637105727
85230,Orocué,Casanare,Orocué Casanare,-71.33846604,4.790188347
85250,Paz de Ariporo,Casanare,Paz de Ariporo Casanare,-71.89176141,5.881380243
85263,Pore,Casanare,Pore Casanare,-71.99246912,5.726814379
85315,Sácama,Casanare,Sácama Casanare,-72.24945428,6.097128776
85325,San Luis de Palenque,Casanare,San Luis de Palenque Casanare,-71.73109786,5.422211244
85400,Támara,Casanare,Támara Casanare,-72.16296774,5.830030709
85430,Trinidad,Casanare,Trinidad Casanare,-71.66281054,5.411006583
81591,Puerto Rondón,Arauca,Puerto Rondón Arauca,-71.09989964,6.281080721
81794,Tame,Arauca,Tame Arauca,-71.74168096,6.457289009
81300,Fortul,Arauca,Fortul Arauca,-71.77201448,6.793997366
99624,Santa Rosalía,Vichada,Santa Rosalía Vichada,-70.86294305,5.135710777
99524,La Primavera,Vichada,La Primavera Vichada,-70.4130261,5.491224958
54001,Cúcuta,Norte de Santander,Cúcuta Norte de Santander,-72.53453822,7.90277019
68575,Puerto Wilches,Santander,Puerto Wilches Santander,-73.89925224,7.345289703
68780,Suratá,Santander,Suratá Santander,-72.9845202,7.366586359
68655,Sabana de Torres,Santander,Sabana de Torres Santander,-73.49930671,7.394304708
68255,El Playón,Santander,El Playón Santander,-73.20316752,7.47068626
13030,Altos del Rosario,Bolívar,Altos del Rosario Bolívar,-74.16523918,8.792437364
13042,Arenal,Bolívar,Arenal Bolívar,-73.94182144,8.457820715
13074,Barranco de Loba,Bolívar,Barranco de Loba Bolívar,-74.10623492,8.945985666
13160,Cantagallo,Bolívar,Cantagallo Bolívar,-73.91907057,7.377453388
13268,El Peñón,Bolívar,El Peñón Bolívar,-73.94980671,8.989082359
13300,Hatillo de Loba,Bolívar,Hatillo de Loba Bolívar,-74.07745172,8.956636062
68276,Floridablanca,Santander,Floridablanca Santander,-73.11175383,7.064556147
68001,Bucaramanga,Santander,Bucaramanga Santander,-73.12489706,7.083538906
5893,Yondó,Antioquia,Yondó Antioquia,-73.91041788,7.002793661
54003,Abrego,Norte de Santander,Abrego Norte de Santander,-73.22146438,8.081216563
54051,Arboledas,Norte de Santander,Arboledas Norte de Santander,-72.79879896,7.642865323
54099,Bochalema,Norte de Santander,Bochalema Norte de Santander,-72.64706068,7.612684073
54109,Bucarasica,Norte de Santander,Bucarasica Norte de Santander,-72.86696235,8.039453108
54125,Cácota,Norte de Santander,Cácota Norte de Santander,-72.64221389,7.268558519
54128,Cachirá,Norte de Santander,Cachirá Norte de Santander,-73.04853769,7.74186687
54172,Chinácota,Norte de Santander,Chinácota Norte de Santander,-72.60210761,7.602040277
54174,Chitagá,Norte de Santander,Chitagá Norte de Santander,-72.66483836,7.138536619
54206,Convención,Norte de Santander,Convención Norte de Santander,-73.33724034,8.470012435
54223,Cucutilla,Norte de Santander,Cucutilla Norte de Santander,-72.77242215,7.539455665
54239,Durania,Norte de Santander,Durania Norte de Santander,-72.65727279,7.714642027
54245,El Carmen,Norte de Santander,El Carmen Norte de Santander,-73.44682241,8.510776779
54250,El Tarra,Norte de Santander,El Tarra Norte de Santander,-73.09964158,8.571725051
54261,El Zulia,Norte de Santander,El Zulia Norte de Santander,-72.60407506,7.937976928
54313,Gramalote,Norte de Santander,Gramalote Norte de Santander,-72.79734266,7.887572392
54344,Hacarí,Norte de Santander,Hacarí Norte de Santander,-73.14595104,8.321644777
54347,Herrán,Norte de Santander,Herrán Norte de Santander,-72.48333323,7.506276467
54377,Labateca,Norte de Santander,Labateca Norte de Santander,-72.49609677,7.298394126
54385,La Esperanza,Norte de Santander,La Esperanza Norte de Santander,-73.32804872,7.639195433
54398,La Playa,Norte de Santander,La Playa Norte de Santander,-73.2377798,8.213755172
54405,Los Patios,Norte de Santander,Los Patios Norte de Santander,-72.50815281,7.833506392
54418,Lourdes,Norte de Santander,Lourdes Norte de Santander,-72.83210514,7.944840879
54480,Mutiscua,Norte de Santander,Mutiscua Norte de Santander,-72.7468209,7.300118899
54498,Ocaña,Norte de Santander,Ocaña Norte de Santander,-73.35109661,8.234808085
54518,Pamplona,Norte de Santander,Pamplona Norte de Santander,-72.6481591,7.372992988
54520,Pamplonita,Norte de Santander,Pamplonita Norte de Santander,-72.63847437,7.435856138
54553,Puerto Santander,Norte de Santander,Puerto Santander Norte de Santander,-72.40926397,8.361237328
54599,Ragonvalia,Norte de Santander,Ragonvalia Norte de Santander,-72.47605295,7.577466107
54660,Salazar,Norte de Santander,Salazar Norte de Santander,-72.80881109,7.772714933
54670,San Calixto,Norte de Santander,San Calixto Norte de Santander,-73.20870641,8.401294863
54673,San Cayetano,Norte de Santander,San Cayetano Norte de Santander,-72.62499872,7.877249715
54680,Santiago,Norte de Santander,Santiago Norte de Santander,-72.71649018,7.865433862
54720,Sardinata,Norte de Santander,Sardinata Norte de Santander,-72.80047158,8.082928297
54743,Silos,Norte de Santander,Silos Norte de Santander,-72.75702615,7.204225025
54800,Teorama,Norte de Santander,Teorama Norte de Santander,-73.2870296,8.437250722
54810,Tibú,Norte de Santander,Tibú Norte de Santander,-72.73595582,8.639737839
54820,Toledo,Norte de Santander,Toledo Norte de Santander,-72.48205987,7.307810313
54871,Villa Caro,Norte de Santander,Villa Caro Norte de Santander,-72.97296414,7.914378966
54874,Villa del Rosario,Norte de Santander,Villa del Rosario Norte de Santander,-72.473789,7.802661363
47318,Guamal,Magdalena,Guamal Magdalena,-74.22482894,9.144733122
47245,El Banco,Magdalena,El Banco Magdalena,-73.97737406,9.009791962
68547,Piedecuesta,Santander,Piedecuesta Santander,-73.05149968,6.982801039
68705,Santa Bárbara,Santander,Santa Bárbara Santander,-72.90684208,6.990509099
68307,Girón,Santander,Girón Santander,-73.16583793,7.059238888
68081,Barrancabermeja,Santander,Barrancabermeja Santander,-73.83140667,7.050971655
68406,Lebríja,Santander,Lebríja Santander,-73.2206089,7.114721116
68820,Tona,Santander,Tona Santander,-72.96668871,7.201641521
68615,Rionegro,Santander,Rionegro Santander,-73.15047426,7.264616417
68169,Charta,Santander,Charta Santander,-72.96855048,7.280905031
68867,Vetas,Santander,Vetas Santander,-72.87076774,7.309495901
68444,Matanza,Santander,Matanza Santander,-73.01609713,7.322827382
68132,California,Santander,California Santander,-72.94575262,7.348066258
20011,Aguachica,Cesar,Aguachica Cesar,-73.61258706,8.308708357
20295,Gamarra,Cesar,Gamarra Cesar,-73.74087973,8.322858404
20310,González,Cesar,González Cesar,-73.38045719,8.390118265
20383,La Gloria,Cesar,La Gloria Cesar,-73.8011083,8.617905881
20517,Pailitas,Cesar,Pailitas Cesar,-73.62510553,8.958184234
20550,Pelaya,Cesar,Pelaya Cesar,-73.6659067,8.687792863
20614,Río de Oro,Cesar,Río de Oro Cesar,-73.38671743,8.292151431
20710,San Alberto,Cesar,San Alberto Cesar,-73.39447685,7.760120764
20770,San Martín,Cesar,San Martín Cesar,-73.51275068,8.0034528
20787,Tamalameque,Cesar,Tamalameque Cesar,-73.81190281,8.86241462
13473,Morales,Bolívar,Morales Bolívar,-73.8679788,8.275795033
13580,Regidor,Bolívar,Regidor Bolívar,-73.82320378,8.665519218
13667,San Martín de Loba,Bolívar,San Martín de Loba Bolívar,-74.03782404,8.937008772
13670,San Pablo,Bolívar,San Pablo Bolívar,-73.92461083,7.477479889
13688,Santa Rosa del Sur,Bolívar,Santa Rosa del Sur Bolívar,-74.05065338,7.963489037
13744,Simití,Bolívar,Simití Bolívar,-73.9458727,7.956404768
13810,Tiquisio,Bolívar,Tiquisio Bolívar,-74.26479089,8.556435638
13600,Río Viejo,Bolívar,Río Viejo Bolívar,-73.84022239,8.588212899
81065,Arauquita,Arauca,Arauquita Arauca,-71.426908,7.028814742
81001,Arauca,Arauca,Arauca Arauca,-70.75280516,7.079190303
81736,Saravena,Arauca,Saravena Arauca,-71.87461731,6.953332638
15223,Cubará,Boyacá,Cubará Boyacá,-72.10833773,7.001704103
81220,Cravo Norte,Arauca,Cravo Norte Arauca,-70.20370178,6.303416457
99001,Puerto Carreño,Vichada,Puerto Carreño Vichada,-67.48859983,6.184197448
20001,Valledupar,Cesar,Valledupar Cesar,-73.27509756,10.47818678
47288,Fundación,Magdalena,Fundación Magdalena,-74.1917241,10.51692241
47268,El Retén,Magdalena,El Retén Magdalena,-74.26870993,10.6111164
47570,Puebloviejo,Magdalena,Puebloviejo Magdalena,-74.28191567,10.99497201
47660,Sabanas de San Angel,Magdalena,Sabanas de San Angel Magdalena,-74.21394998,10.03249513
47980,Zona Bananera,Magdalena,Zona Bananera Magdalena,-74.14038223,10.76365882
47001,Santa Marta,Magdalena,Santa Marta Magdalena,-74.20020963,11.20520068
20013,Agustín Codazzi,Cesar,Agustín Codazzi Cesar,-73.23769205,10.04044276
20032,Astrea,Cesar,Astrea Cesar,-73.97477364,9.496407322
20045,Becerril,Cesar,Becerril Cesar,-73.27885229,9.702827051
20060,Bosconia,Cesar,Bosconia Cesar,-73.88801088,9.974338005
20175,Chimichagua,Cesar,Chimichagua Cesar,-73.81299107,9.257828927
20178,Chiriguaná,Cesar,Chiriguaná Cesar,-73.60089557,9.361358033
20238,El Copey,Cesar,El Copey Cesar,-73.96135039,10.14910229
20250,El Paso,Cesar,El Paso Cesar,-73.74644573,9.661834185
20400,La Jagua de Ibirico,Cesar,La Jagua de Ibirico Cesar,-73.33559899,9.562900867
20443,Manaure,Cesar,Manaure Cesar,-73.02879172,10.39069391
20570,Pueblo Bello,Cesar,Pueblo Bello Cesar,-73.58569558,10.41765973
20621,La Paz,Cesar,La Paz Cesar,-73.17265024,10.3864186
20750,San Diego,Cesar,San Diego Cesar,-73.1805616,10.33381239
44035,Albania,La Guajira,Albania La Guajira,-72.58869173,11.16272706
44078,Barrancas,La Guajira,Barrancas La Guajira,-72.79613062,10.95455299
44090,Dibulla,La Guajira,Dibulla La Guajira,-73.30714685,11.27240466
44098,Distracción,La Guajira,Distracción La Guajira,-72.88634043,10.89657397
44110,El Molino,La Guajira,El Molino La Guajira,-72.92173543,10.65270899
44279,Fonseca,La Guajira,Fonseca La Guajira,-72.85044737,10.88661103
44378,Hatonuevo,La Guajira,Hatonuevo La Guajira,-72.76139147,11.06736572
44420,La Jagua del Pilar,La Guajira,La Jagua del Pilar La Guajira,-73.07154945,10.51069955
44430,Maicao,La Guajira,Maicao La Guajira,-72.24051696,11.37859375
44560,Manaure,La Guajira,Manaure La Guajira,-72.44107985,11.77013374
44650,San Juan del Cesar,La Guajira,San Juan del Cesar La Guajira,-73.00164795,10.77068837
44847,Uribia,La Guajira,Uribia La Guajira,-72.26516155,11.71503378
44855,Urumita,La Guajira,Urumita La Guajira,-73.01332985,10.55995359
44874,Villanueva,La Guajira,Villanueva La Guajira,-72.97867764,10.60906036
44001,Riohacha,La Guajira,Riohacha La Guajira,-72.92011074,11.54180708
47030,Algarrobo,Magdalena,Algarrobo Magdalena,-74.06033527,10.18761326
47053,Aracataca,Magdalena,Aracataca Magdalena,-74.18629114,10.59080787
47058,Ariguaní,Magdalena,Ariguaní Magdalena,-74.23620938,9.847345868
47189,Ciénaga,Magdalena,Ciénaga Magdalena,-74.24150882,11.01172985
25245,El Colegio,Cundinamarca,El Colegio Cundinamarca,-74.44275113,4.578264264
76497,Obando,Valle del Cauca,Obando Valle del Cauca,-75.97315432,4.574973995
5842,Uramita,Antioquia,Uramita Antioquia,-76.1730539,6.897634811
5031,Amalfi,Antioquia,Amalfi Antioquia,-75.07360631,6.906976799
25258,El Peñón,Cundinamarca,El Peñón Cundinamarca,-74.29039381,5.248752351
25658,San Francisco,Cundinamarca,San Francisco Cundinamarca,-74.28972518,4.972434545
13650,San Fernando,Bolívar,San Fernando Bolívar,-74.3292798,9.216381775
13440,Margarita,Bolívar,Margarita Bolívar,-74.28845871,9.162068057
68092,Betulia,Santander,Betulia Santander,-73.28394122,6.899292566
20228,Curumaní,Cesar,Curumaní Cesar,-73.54174573,9.201135352
11001,Bogotá,Bogotá,Bogotá Bogotá,-74.02967768,4.688055983
13490,Norosí,Bolívar,Norosí Bolívar,-74.03757764,8.527730305
19300,Guachené,Cauca,Guachené Cauca,0,0
91430,La Victoria,Amazonas,La Victoria Amazonas,0,0
91460,Miriti - Paraná,Amazonas,Miriti - Paraná Amazonas,0,0
94663,Mapiripana,Guainía,Mapiripana Guainía,0,0
94884,Puerto Colombia,Guainía,Puerto Colombia Guainía,0,0
94885,La Guadalupe,Guainía,La Guadalupe Guainía,0,0
94887,Pana Pana,Guainía,Pana Pana Guainía,0,0
94888,Morichal,Guainía,Morichal Guainía,0,0
97511,Pacoa,Vaupés,Pacoa Vaupés,0,0
97777,Papunaua,Vaupés,Papunaua Vaupés,0,0
97889,Yavaraté,Vaupés,Yavaraté Vaupés,0,0
